task_dir,goal,step,prompt_mode,pre_reasoning_pending_traces,pre_reasoning_candidate_matches,pre_reasoning_matched_results,hint_injected,hint_followed,hint_follow_reason,suggested_next_elements,main_action,post_planning_exploration_status,exploration_mode,exploration_decoupled_from_planned_action,exploration_parallel_with_vlm,post_planning_exploration_trigger,post_planning_candidate_count,post_planning_selected_targets,post_planning_observations,post_planning_speculative_results,vlm_latency_ms,exploration_latency_ms,exploration_state_fetch_ms,exploration_a11y_dump_ms,exploration_summary_ms,exploration_a11y_trace_ms,exploration_wait_after_vlm_ms,rollback_success,rollback_levels,shortcut_mode,shortcut_attempted,shortcut_plan_created,shortcut_would_fire,shortcut_fired,skipped_vlm_call,no_plan_reason,no_fire_reason,planned_root_action_summary,shortcut_t2_action_summary,shortcut_pattern,is_search_input,is_exact_result_click,t1_state_match_method,t1_state_match_score,t2_target_visible,shortcut_confidence,latency_sec,summary
Add_a_favorite_location_marker_for_47.1663432_9.5103085_in_the__4d73e2bc,"Add a favorite location marker for 47.1663432, 9.5103085 in the OsmAnd maps app.",1,baseline,0,0,0,False,False,no_prompt_hint,,open_app,skipped,parallel_independent_for_next_step,True,True,launcher_skipped,0,0,0,0,1147.496223449707,1.1050701141357422,0.0,0.0,0.0,0.0,0.0,,,,False,False,False,False,False,,no_pending_plan,{},{},,False,False,,,False,,12.935732126235962,The task is to add a favorite location in the OsmAnd app. The first step is to open the app.
Add_a_favorite_location_marker_for_47.1663432_9.5103085_in_the__4d73e2bc,"Add a favorite location marker for 47.1663432, 9.5103085 in the OsmAnd maps app.",2,baseline,0,0,0,False,False,no_prompt_hint,,"click@(201,197)",skipped,parallel_independent_for_next_step,True,True,slot_gate_disabled:FORM_CREATE_EDIT:form_no_speculative_action,0,0,0,0,2141.4802074432373,2.5627613067626953,0.0,0.0,0.0,0.0,0.0,,,,False,False,False,False,False,,no_pending_plan,{},{},,False,False,,,False,,10.330675840377808,The task is to add a favorite location. I have successfully opened the OsmAnd app and am now initiating a search to find the specified coordinates.
Add_a_favorite_location_marker_for_47.1663432_9.5103085_in_the__4d73e2bc,"Add a favorite location marker for 47.1663432, 9.5103085 in the OsmAnd maps app.",3,baseline,0,0,0,False,False,no_prompt_hint,,input_text,skipped,parallel_independent_for_next_step,True,True,keyboard_visible,0,0,0,0,2650.686025619507,0.0,0.0,0.0,0.0,0.0,0.0,,,,False,False,False,False,False,,no_pending_plan,{},{},,False,False,,,False,,10.405344009399414,The task is to add a favorite location. I have opened the app and navigated to the search screen. I am now typing the coordinates to find the location.
Add_a_favorite_location_marker_for_47.1663432_9.5103085_in_the__4d73e2bc,"Add a favorite location marker for 47.1663432, 9.5103085 in the OsmAnd maps app.",4,baseline,0,0,0,False,False,no_prompt_hint,,"click@(484,525)",skipped,parallel_independent_for_next_step,True,True,keyboard_visible,0,0,0,0,2488.4042739868164,0.0,0.0,0.0,0.0,0.0,0.0,,,,False,False,False,False,False,,no_pending_plan,{},{},,False,False,,,False,,7.619874477386475,The task is to add a favorite location. I have successfully searched for the coordinates and found the location in Liechtenstein. The next step is to select this location to add it as a favorite.
Add_a_favorite_location_marker_for_47.1663432_9.5103085_in_the__4d73e2bc,"Add a favorite location marker for 47.1663432, 9.5103085 in the OsmAnd maps app.",5,baseline,0,0,0,False,False,no_prompt_hint,,"click@(135,2116)",skipped,parallel_independent_for_next_step,True,True,slot_gate_disabled:FORM_CREATE_EDIT:form_no_speculative_action,0,0,0,0,2181.9868087768555,3.281831741333008,0.0,0.0,0.0,0.0,0.0,,,,False,False,False,False,False,,no_pending_plan,{},{},,False,False,,,False,,10.38012170791626,I have successfully searched for the coordinates and the location is now displayed on the map. The next step is to add this location as a favorite.
Add_a_favorite_location_marker_for_47.1663432_9.5103085_in_the__4d73e2bc,"Add a favorite location marker for 47.1663432, 9.5103085 in the OsmAnd maps app.",6,baseline,0,0,0,False,False,no_prompt_hint,,input_text,skipped,parallel_independent_for_next_step,True,True,keyboard_visible,0,0,0,0,1892.5526142120361,0.0,0.0,0.0,0.0,0.0,0.0,,,,False,False,False,False,False,,no_pending_plan,{},{},,False,False,,,False,,8.510331392288208,I have successfully searched for the coordinates and navigated to the 'Add Favorite' screen. The next step is to provide a name for the favorite location.
Add_a_favorite_location_marker_for_47.1663432_9.5103085_in_the__4d73e2bc,"Add a favorite location marker for 47.1663432, 9.5103085 in the OsmAnd maps app.",7,baseline,0,0,0,False,False,no_prompt_hint,,"click@(797,2193)",skipped,parallel_independent_for_next_step,True,True,keyboard_visible,0,0,0,0,2104.5801639556885,0.0,0.0,0.0,0.0,0.0,0.0,,,,False,False,False,False,False,,no_pending_plan,{},{},,False,False,,,False,,7.959587812423706,I have successfully searched for the coordinates and am now on the 'Add Favorite' screen. The next step is to save this location as a favorite.
Add_a_favorite_location_marker_for_47.1663432_9.5103085_in_the__4d73e2bc,"Add a favorite location marker for 47.1663432, 9.5103085 in the OsmAnd maps app.",8,baseline,0,0,0,False,False,no_prompt_hint,,status,skipped,parallel_independent_for_next_step,True,True,slot_gate_disabled:FORM_CREATE_EDIT:form_no_speculative_action,0,0,0,0,2024.4090557098389,3.273487091064453,0.0,0.0,0.0,0.0,0.0,,,,False,False,False,False,False,,no_pending_plan,{},{},,False,False,,,False,,5.857594013214111,"I have successfully added the location as a favorite, so the task is now complete."
Add_a_location_marker_for_47.106997_9.5274854_in_the_OsmAnd_map_584d24bc,"Add a location marker for 47.106997, 9.5274854 in the OsmAnd maps app.",1,baseline,0,0,0,False,False,no_prompt_hint,,open_app,skipped,parallel_independent_for_next_step,True,True,launcher_skipped,0,0,0,0,1459.8321914672852,1.172780990600586,0.0,0.0,0.0,0.0,0.0,,,,False,False,False,False,False,,no_pending_plan,{},{},,False,False,,,False,,12.394545078277588,The task is to add a location marker in the OsmAnd app. The first step is to open the app.
Add_a_location_marker_for_47.106997_9.5274854_in_the_OsmAnd_map_584d24bc,"Add a location marker for 47.106997, 9.5274854 in the OsmAnd maps app.",2,baseline,0,0,0,False,False,no_prompt_hint,,"click@(201,197)",skipped,parallel_independent_for_next_step,True,True,slot_gate_disabled:FORM_CREATE_EDIT:form_no_speculative_action,0,0,0,0,1979.2513847351074,3.2939910888671875,0.0,0.0,0.0,0.0,0.0,,,,False,False,False,False,False,,no_pending_plan,{},{},,False,False,,,False,,7.483827590942383,The task is to add a location marker in the OsmAnd app. The app has been successfully opened. The next step is to search for the specified coordinates.
Add_a_location_marker_for_47.106997_9.5274854_in_the_OsmAnd_map_584d24bc,"Add a location marker for 47.106997, 9.5274854 in the OsmAnd maps app.",3,baseline,0,0,0,False,False,no_prompt_hint,,input_text,skipped,parallel_independent_for_next_step,True,True,keyboard_visible,0,0,0,0,2566.180467605591,0.5407333374023438,0.0,0.0,0.0,0.0,0.0,,,,False,False,False,False,False,,no_pending_plan,{},{},,False,False,,,False,,10.185293674468994,"The task is to add a location marker in the OsmAnd app. The app is open, and I am now entering the specified coordinates into the search bar."
Add_a_location_marker_for_47.106997_9.5274854_in_the_OsmAnd_map_584d24bc,"Add a location marker for 47.106997, 9.5274854 in the OsmAnd maps app.",4,baseline,0,0,0,False,False,no_prompt_hint,,"click@(484,525)",skipped,parallel_independent_for_next_step,True,True,keyboard_visible,0,0,0,0,2125.5574226379395,0.0,0.0,0.0,0.0,0.0,0.0,,,,False,False,False,False,False,,no_pending_plan,{},{},,False,False,,,False,,8.146884202957153,The task is to add a location marker in the OsmAnd app. The coordinates have been entered and a location in Liechtenstein has been found. The next step is to select this location to add a marker.
Add_a_location_marker_for_47.106997_9.5274854_in_the_OsmAnd_map_584d24bc,"Add a location marker for 47.106997, 9.5274854 in the OsmAnd maps app.",5,baseline,0,0,0,False,False,no_prompt_hint,,"click@(408,2123)",skipped,parallel_independent_for_next_step,True,True,slot_gate_disabled:FORM_CREATE_EDIT:form_no_speculative_action,0,0,0,0,2290.4696464538574,6.616830825805664,0.0,0.0,0.0,0.0,0.0,,,,False,False,False,False,False,,no_pending_plan,{},{},,False,False,,,False,,9.988250970840454,The task is to add a location marker in the OsmAnd app. The coordinates have been entered and the location has been found. The next step is to click the 'Marker' button to add the marker.
Add_a_location_marker_for_47.106997_9.5274854_in_the_OsmAnd_map_584d24bc,"Add a location marker for 47.106997, 9.5274854 in the OsmAnd maps app.",6,baseline,0,0,0,False,False,no_prompt_hint,,status,skipped,parallel_independent_for_next_step,True,True,slot_gate_disabled:FORM_CREATE_EDIT:form_no_speculative_action,0,0,0,0,1874.2718696594238,1.7902851104736328,0.0,0.0,0.0,0.0,0.0,,,,False,False,False,False,False,,no_pending_plan,{},{},,False,False,,,False,,5.672962427139282,"I have successfully added the location marker at the specified coordinates, so the task is now complete."
Add_the_following_expenses_into_the_pro_expense_Expense_Landsca_e41182ee,Add the following expenses into the pro expense: Expense: Landscaping amount_dollars: $100.02 category_name: Housing note: Want to have,1,baseline,0,0,0,False,False,no_prompt_hint,,open_app,skipped,parallel_independent_for_next_step,True,True,launcher_skipped,0,0,0,0,957.2482109069824,1.0030269622802734,0.0,0.0,0.0,0.0,0.0,,,,False,False,False,False,False,,no_pending_plan,{},{},,False,False,,,False,,10.962390661239624,任务目标是在Pro Expense应用中添加一笔新的支出。当前正准备打开该应用。
Add_the_following_expenses_into_the_pro_expense_Expense_Landsca_e41182ee,Add the following expenses into the pro expense: Expense: Landscaping amount_dollars: $100.02 category_name: Housing note: Want to have,2,baseline,0,0,0,False,False,no_prompt_hint,,"click@(962,2178)",skipped,parallel_independent_for_next_step,True,True,slot_gate_disabled:FORM_CREATE_EDIT:form_no_speculative_action,0,0,0,0,1750.6952285766602,5.2242279052734375,0.0,0.0,0.0,0.0,0.0,,,,False,False,False,False,False,,no_pending_plan,{},{},,False,False,,,False,,6.797680139541626,任务目标是在Pro Expense应用中添加一笔新的支出。目前已成功打开应用，下一步是进入支出添加页面。
Add_the_following_expenses_into_the_pro_expense_Expense_Landsca_e41182ee,Add the following expenses into the pro expense: Expense: Landscaping amount_dollars: $100.02 category_name: Housing note: Want to have,3,baseline,0,0,0,False,False,no_prompt_hint,,"click@(540,427)",skipped,parallel_independent_for_next_step,True,True,slot_gate_disabled:FORM_CREATE_EDIT:form_no_speculative_action,0,0,0,0,1864.6883964538574,1.6481876373291016,0.0,0.0,0.0,0.0,0.0,,,,False,False,False,False,False,,no_pending_plan,{},{},,False,False,,,False,,8.321055173873901,任务目标是在Pro Expense应用中添加一笔新的支出。目前已成功打开应用并进入支出录入页面。下一步是填写支出详情。
Add_the_following_expenses_into_the_pro_expense_Expense_Landsca_e41182ee,Add the following expenses into the pro expense: Expense: Landscaping amount_dollars: $100.02 category_name: Housing note: Want to have,4,baseline,0,0,0,False,False,no_prompt_hint,,"click@(537,427)",skipped,parallel_independent_for_next_step,True,True,keyboard_visible,0,0,0,0,993.9332008361816,0.0,0.0,0.0,0.0,0.0,0.0,,,,False,False,False,False,False,,no_pending_plan,{},{},,False,False,,,False,,6.999807834625244,任务目标是在Pro Expense应用中添加一笔新的支出。目前已成功打开应用并进入支出录入页面。下一步是填写支出详情。
Add_the_following_expenses_into_the_pro_expense_Expense_Landsca_e41182ee,Add the following expenses into the pro expense: Expense: Landscaping amount_dollars: $100.02 category_name: Housing note: Want to have,5,baseline,0,0,0,False,False,no_prompt_hint,,"click@(537,427)",skipped,parallel_independent_for_next_step,True,True,keyboard_visible,0,0,0,0,1735.9051704406738,0.0,0.0,0.0,0.0,0.0,0.0,,,,False,False,False,False,False,,no_pending_plan,{},{},,False,False,,,False,,6.083950757980347,任务目标是在Pro Expense应用中添加一笔新的支出。目前已成功打开应用并进入支出录入页面。下一步是填写支出详情，首先从名称开始。
Add_the_following_expenses_into_the_pro_expense_Expense_Landsca_e41182ee,Add the following expenses into the pro expense: Expense: Landscaping amount_dollars: $100.02 category_name: Housing note: Want to have,6,baseline,0,0,0,False,False,no_prompt_hint,,input_text,skipped,parallel_independent_for_next_step,True,True,keyboard_visible,0,0,0,0,1953.8311958312988,0.0,0.0,0.0,0.0,0.0,0.0,,,,False,False,False,False,False,,no_pending_plan,{},{},,False,False,,,False,,5.882768154144287,任务目标是在Pro Expense应用中添加一笔新的支出。目前已成功打开应用并进入支出录入页面。下一步是填写支出详情，首先从名称开始。
Add_the_following_expenses_into_the_pro_expense_Expense_Landsca_e41182ee,Add the following expenses into the pro expense: Expense: Landscaping amount_dollars: $100.02 category_name: Housing note: Want to have,7,baseline,0,0,0,False,False,no_prompt_hint,,input_text,skipped,parallel_independent_for_next_step,True,True,keyboard_visible,0,0,0,0,1085.599422454834,0.0,0.0,0.0,0.0,0.0,0.0,,,,False,False,False,False,False,,no_pending_plan,{},{},,False,False,,,False,,6.44328236579895,任务目标是在Pro Expense应用中添加一笔新的支出。目前已成功打开应用并进入支出录入页面，且已输入支出名称。下一步是输入支出金额。
Add_the_following_expenses_into_the_pro_expense_Expense_Landsca_e41182ee,Add the following expenses into the pro expense: Expense: Landscaping amount_dollars: $100.02 category_name: Housing note: Want to have,8,baseline,0,0,0,False,False,no_prompt_hint,,"click@(518,808)",skipped,parallel_independent_for_next_step,True,True,keyboard_visible,0,0,0,0,1076.0462284088135,0.0,0.0,0.0,0.0,0.0,0.0,,,,False,False,False,False,False,,no_pending_plan,{},{},,False,False,,,False,,5.907521724700928,任务目标是在Pro Expense应用中添加一笔新的支出。目前已成功打开应用并进入支出录入页面，且已输入支出名称和金额。下一步是选择支出类别。
Add_the_following_expenses_into_the_pro_expense_Expense_Landsca_e41182ee,Add the following expenses into the pro expense: Expense: Landscaping amount_dollars: $100.02 category_name: Housing note: Want to have,9,baseline,0,0,0,False,False,no_prompt_hint,,"click@(540,1058)",skipped,parallel_independent_for_next_step,True,True,keyboard_visible,0,0,0,0,668.4973239898682,0.0,0.0,0.0,0.0,0.0,0.0,,,,False,False,False,False,False,,no_pending_plan,{},{},,False,False,,,False,,5.515012502670288,"{'action': 'click', 'coordinate': [540, 1058]}"
Add_the_following_expenses_into_the_pro_expense_Expense_Landsca_e41182ee,Add the following expenses into the pro expense: Expense: Landscaping amount_dollars: $100.02 category_name: Housing note: Want to have,10,baseline,0,0,0,False,False,no_prompt_hint,,"click@(537,1068)",skipped,parallel_independent_for_next_step,True,True,keyboard_visible,0,0,0,0,1118.2472705841064,0.0,0.0,0.0,0.0,0.0,0.0,,,,False,False,False,False,False,,no_pending_plan,{},{},,False,False,,,False,,5.508646488189697,任务目标是在Pro Expense应用中添加一笔新的支出。目前已成功打开应用，进入支出录入页面，并填写了支出名称、金额和类别。下一步是填写备注信息。
Add_the_following_expenses_into_the_pro_expense_Expense_Landsca_e41182ee,Add the following expenses into the pro expense: Expense: Landscaping amount_dollars: $100.02 category_name: Housing note: Want to have,11,baseline,0,0,0,False,False,no_prompt_hint,,input_text,skipped,parallel_independent_for_next_step,True,True,keyboard_visible,0,0,0,0,834.0435028076172,0.0,0.0,0.0,0.0,0.0,0.0,,,,False,False,False,False,False,,no_pending_plan,{},{},,False,False,,,False,,5.231552600860596,任务目标是在Pro Expense应用中添加一笔新的支出。目前已成功打开应用并进入支出录入页面，且已输入支出名称、金额和类别。下一步是填写备注信息。
Add_the_following_expenses_into_the_pro_expense_Expense_Landsca_e41182ee,Add the following expenses into the pro expense: Expense: Landscaping amount_dollars: $100.02 category_name: Housing note: Want to have,12,baseline,0,0,0,False,False,no_prompt_hint,,"click@(452,1303)",skipped,parallel_independent_for_next_step,True,True,keyboard_visible,0,0,0,0,705.3518295288086,0.0,0.0,0.0,0.0,0.0,0.0,,,,False,False,False,False,False,,no_pending_plan,{},{},,False,False,,,False,,5.575669765472412,"{'action': 'click', 'coordinate': [452, 1303]}"
Create_a_new_contact_for_Santiago_Zhang._Their_number_is_103289_9ea91677,Create a new contact for Santiago Zhang. Their number is +10328999711.,1,baseline,0,0,0,False,False,no_prompt_hint,,open_app,skipped,parallel_independent_for_next_step,True,True,launcher_skipped,0,0,0,0,854.7661304473877,0.0,0.0,0.0,0.0,0.0,0.0,,,,False,False,False,False,False,,no_pending_plan,{},{},,False,False,,,False,,9.664650678634644,"{'action': 'open_app', 'text': 'Contacts'}"
Create_a_new_contact_for_Santiago_Zhang._Their_number_is_103289_9ea91677,Create a new contact for Santiago Zhang. Their number is +10328999711.,2,baseline,0,0,0,False,False,no_prompt_hint,,"click@(941,2008)",skipped,parallel_independent_for_next_step,True,True,slot_gate_disabled:FORM_CREATE_EDIT:form_no_speculative_action,0,0,0,0,1878.607988357544,4.702091217041016,0.0,0.0,0.0,0.0,0.0,,,,False,False,False,False,False,,no_pending_plan,{},{},,False,False,,,False,,7.017095327377319,The task is to create a new contact for Santiago Zhang. I have successfully opened the Contacts app and am now initiating the creation process.
Create_a_new_contact_for_Santiago_Zhang._Their_number_is_103289_9ea91677,Create a new contact for Santiago Zhang. Their number is +10328999711.,3,baseline,0,0,0,False,False,no_prompt_hint,,"click@(537,933)",skipped,parallel_independent_for_next_step,True,True,slot_gate_disabled:FORM_CREATE_EDIT:form_no_speculative_action,0,0,0,0,1831.0840129852295,2.2983551025390625,0.0,0.0,0.0,0.0,0.0,,,,False,False,False,False,False,,no_pending_plan,{},{},,False,False,,,False,,7.878034591674805,I have successfully navigated to the 'Create contact' screen. The next step is to input the contact's name and phone number.
Create_a_new_contact_for_Santiago_Zhang._Their_number_is_103289_9ea91677,Create a new contact for Santiago Zhang. Their number is +10328999711.,4,baseline,0,0,0,False,False,no_prompt_hint,,input_text,skipped,parallel_independent_for_next_step,True,True,keyboard_visible,0,0,0,0,1836.258888244629,0.0,0.0,0.0,0.0,0.0,0.0,,,,False,False,False,False,False,,no_pending_plan,{},{},,False,False,,,False,,10.030374526977539,I am on the 'Create contact' screen. The next step is to input the contact's name and phone number.
Create_a_new_contact_for_Santiago_Zhang._Their_number_is_103289_9ea91677,Create a new contact for Santiago Zhang. Their number is +10328999711.,5,baseline,0,0,0,False,False,no_prompt_hint,,input_text,skipped,parallel_independent_for_next_step,True,True,keyboard_visible,0,0,0,0,917.7608489990234,0.0,0.0,0.0,0.0,0.0,0.0,,,,False,False,False,False,False,,no_pending_plan,{},{},,False,False,,,False,,5.983526229858398,I am creating a new contact for Santiago Zhang. I have already entered the first name and am now entering the last name.
Create_a_new_contact_for_Santiago_Zhang._Their_number_is_103289_9ea91677,Create a new contact for Santiago Zhang. Their number is +10328999711.,6,baseline,0,0,0,False,False,no_prompt_hint,,"click@(453,1523)",skipped,parallel_independent_for_next_step,True,True,keyboard_visible,0,0,0,0,1850.419521331787,0.0,0.0,0.0,0.0,0.0,0.0,,,,False,False,False,False,False,,no_pending_plan,{},{},,False,False,,,False,,6.796287536621094,I have successfully entered the contact's name. The next step is to input the phone number.
Create_a_new_contact_for_Santiago_Zhang._Their_number_is_103289_9ea91677,Create a new contact for Santiago Zhang. Their number is +10328999711.,7,baseline,0,0,0,False,False,no_prompt_hint,,input_text,skipped,parallel_independent_for_next_step,True,True,keyboard_visible,0,0,0,0,2599.5562076568604,0.0,0.0,0.0,0.0,0.0,0.0,,,,False,False,False,False,False,,no_pending_plan,{},{},,False,False,,,False,,8.922322750091553,"I am creating a new contact for Santiago Zhang. I have successfully entered the first and last name. The phone number field is now active, and I am about to enter the phone number."
Create_a_new_contact_for_Santiago_Zhang._Their_number_is_103289_9ea91677,Create a new contact for Santiago Zhang. Their number is +10328999711.,8,baseline,0,0,0,False,False,no_prompt_hint,,"click@(836,209)",skipped,parallel_independent_for_next_step,True,True,keyboard_visible,0,0,0,0,2196.9382762908936,0.0,0.0,0.0,0.0,0.0,0.0,,,,False,False,False,False,False,,no_pending_plan,{},{},,False,False,,,False,,8.306504964828491,"I have successfully entered all the required information for Santiago Zhang, including their name and phone number. The next step is to save the contact."
Create_a_new_contact_for_Santiago_Zhang._Their_number_is_103289_9ea91677,Create a new contact for Santiago Zhang. Their number is +10328999711.,9,baseline,0,0,0,False,False,no_prompt_hint,,status,skipped,parallel_independent_for_next_step,True,True,slot_gate_disabled:FORM_CREATE_EDIT:form_no_speculative_action,0,0,0,0,1878.7343502044678,1.131296157836914,0.0,0.0,0.0,0.0,0.0,,,,False,False,False,False,False,,no_pending_plan,{},{},,False,False,,,False,,7.007606029510498,"I have successfully created the new contact for Santiago Zhang with the specified phone number, so the task is now complete."
Create_a_new_drawing_in_Simple_Draw_Pro._Name_it_amet_active_co_85aa6fea,Create a new drawing in Simple Draw Pro. Name it amet_active_cow_2023_06_20.png. Save it in the Pictures folder within the sdk_gphone_x86_64 storage area.,1,baseline,0,0,0,False,False,no_prompt_hint,,open_app,skipped,parallel_independent_for_next_step,True,True,launcher_skipped,0,0,0,0,969.9759483337402,0.0,0.0,0.0,0.0,0.0,0.0,,,,False,False,False,False,False,,no_pending_plan,{},{},,False,False,,,False,,10.276590585708618,The task is to create and save a new drawing in Simple Draw Pro. The first step is to open the application.
Create_a_new_drawing_in_Simple_Draw_Pro._Name_it_amet_active_co_85aa6fea,Create a new drawing in Simple Draw Pro. Name it amet_active_cow_2023_06_20.png. Save it in the Pictures folder within the sdk_gphone_x86_64 storage area.,2,baseline,0,0,0,False,False,no_prompt_hint,,"click@(655,209)",skipped,parallel_independent_for_next_step,True,True,slot_gate_disabled:FORM_CREATE_EDIT:form_no_speculative_action,0,0,0,0,2152.3239612579346,1.1625289916992188,0.0,0.0,0.0,0.0,0.0,,,,False,False,False,False,False,,no_pending_plan,{},{},,False,False,,,False,,7.537117958068848,The task is to create and save a new drawing. The app is open and a new blank drawing has been created. The next step is to save the drawing with the specified name and location.
Create_a_new_drawing_in_Simple_Draw_Pro._Name_it_amet_active_co_85aa6fea,Create a new drawing in Simple Draw Pro. Name it amet_active_cow_2023_06_20.png. Save it in the Pictures folder within the sdk_gphone_x86_64 storage area.,3,baseline,0,0,0,False,False,no_prompt_hint,,input_text,skipped,parallel_independent_for_next_step,True,True,keyboard_visible,0,0,0,0,3046.302556991577,0.0,0.0,0.0,0.0,0.0,0.0,,,,False,False,False,False,False,,no_pending_plan,{},{},,False,False,,,False,,10.788137674331665,"The task is to create and save a new drawing. The app is open, a new drawing has been created, and the 'Save as' dialog is currently displayed. The next step is to enter the specified filename."
Create_a_new_drawing_in_Simple_Draw_Pro._Name_it_amet_active_co_85aa6fea,Create a new drawing in Simple Draw Pro. Name it amet_active_cow_2023_06_20.png. Save it in the Pictures folder within the sdk_gphone_x86_64 storage area.,4,baseline,0,0,0,False,False,no_prompt_hint,,input_text,skipped,parallel_independent_for_next_step,True,True,keyboard_visible,0,0,0,0,2610.5802059173584,1.5125274658203125,0.0,0.0,0.0,0.0,0.0,,,,False,False,False,False,False,,no_pending_plan,{},{},,False,False,,,False,,9.368643045425415,"The task is to create and save a new drawing. The app is open, a new drawing has been created, and the 'Save as' dialog is displayed. The next step is to enter the correct filename."
Create_a_new_drawing_in_Simple_Draw_Pro._Name_it_amet_active_co_85aa6fea,Create a new drawing in Simple Draw Pro. Name it amet_active_cow_2023_06_20.png. Save it in the Pictures folder within the sdk_gphone_x86_64 storage area.,5,baseline,0,0,0,False,False,no_prompt_hint,,input_text,skipped,parallel_independent_for_next_step,True,True,keyboard_visible,0,0,0,0,2652.395009994507,0.0,0.0,0.0,0.0,0.0,0.0,,,,False,False,False,False,False,,no_pending_plan,{},{},,False,False,,,False,,7.773585319519043,"The task is to create and save a new drawing. The app is open, a new drawing has been created, and the 'Save as' dialog is displayed. The next step is to enter the correct filename."
Create_a_new_drawing_in_Simple_Draw_Pro._Name_it_amet_active_co_85aa6fea,Create a new drawing in Simple Draw Pro. Name it amet_active_cow_2023_06_20.png. Save it in the Pictures folder within the sdk_gphone_x86_64 storage area.,6,baseline,0,0,0,False,False,no_prompt_hint,,input_text,skipped,parallel_independent_for_next_step,True,True,keyboard_visible,0,0,0,0,2466.8736457824707,0.0,0.0,0.0,0.0,0.0,0.0,,,,False,False,False,False,False,,no_pending_plan,{},{},,False,False,,,False,,8.112781763076782,"The task is to create and save a new drawing. The app is open, a new drawing has been created, and the 'Save as' dialog is displayed. The next step is to enter the correct filename."
Create_a_new_drawing_in_Simple_Draw_Pro._Name_it_amet_active_co_85aa6fea,Create a new drawing in Simple Draw Pro. Name it amet_active_cow_2023_06_20.png. Save it in the Pictures folder within the sdk_gphone_x86_64 storage area.,7,baseline,0,0,0,False,False,no_prompt_hint,,"click@(839,1552)",skipped,parallel_independent_for_next_step,True,True,keyboard_visible,0,0,0,0,1245.251178741455,0.0,0.0,0.0,0.0,0.0,0.0,,,,False,False,False,False,False,,no_pending_plan,{},{},,False,False,,,False,,8.956085920333862,"The task is to create and save a new drawing. The app is open, a new drawing has been created, and the 'Save as' dialog is displayed. The next step is to confirm the filename and proceed to select the save location."
Create_a_new_drawing_in_Simple_Draw_Pro._Name_it_amet_active_co_85aa6fea,Create a new drawing in Simple Draw Pro. Name it amet_active_cow_2023_06_20.png. Save it in the Pictures folder within the sdk_gphone_x86_64 storage area.,8,baseline,0,0,0,False,False,no_prompt_hint,,"click@(747,1209)",skipped,parallel_independent_for_next_step,True,True,slot_gate_disabled:FORM_CREATE_EDIT:form_no_speculative_action,0,0,0,0,2501.6634464263916,6.407737731933594,0.0,0.0,0.0,0.0,0.0,,,,False,False,False,False,False,,no_pending_plan,{},{},,False,False,,,False,,10.961150646209717,"The task is to create and save a new drawing. The app is open, a new drawing has been created, and the 'Save as' dialog is displayed. The next step is to select the 'Pictures' folder as the save location."
Create_a_new_drawing_in_Simple_Draw_Pro._Name_it_amet_active_co_85aa6fea,Create a new drawing in Simple Draw Pro. Name it amet_active_cow_2023_06_20.png. Save it in the Pictures folder within the sdk_gphone_x86_64 storage area.,9,baseline,0,0,0,False,False,no_prompt_hint,,input_text,skipped,parallel_independent_for_next_step,True,True,slot_gate_disabled:FORM_CREATE_EDIT:form_no_speculative_action,0,0,0,0,2995.586156845093,5.755186080932617,0.0,0.0,0.0,0.0,0.0,,,,False,False,False,False,False,,no_pending_plan,{},{},,False,False,,,False,,9.946941137313843,"The task is to create and save a new drawing. The app is open, a new drawing has been created, and the 'Save as' dialog is displayed. The current location is the 'Pictures' folder. The next step is to enter the correct filename."
Create_a_new_drawing_in_Simple_Draw_Pro._Name_it_amet_active_co_85aa6fea,Create a new drawing in Simple Draw Pro. Name it amet_active_cow_2023_06_20.png. Save it in the Pictures folder within the sdk_gphone_x86_64 storage area.,10,baseline,0,0,0,False,False,no_prompt_hint,,status,skipped,parallel_independent_for_next_step,True,True,slot_gate_disabled:FORM_CREATE_EDIT:form_no_speculative_action,0,0,0,0,1168.7812805175781,1.8432140350341797,0.0,0.0,0.0,0.0,0.0,,,,False,False,False,False,False,,no_pending_plan,{},{},,False,False,,,False,,6.524317741394043,"{'action': 'terminate', 'status': 'success', 'return_text': '我已成功在Simple Draw Pro中创建了一个新的绘图，并将其命名为amet_active_cow_2023_06_20.png，保存在Pictures文件夹中。'}"
Create_a_new_folder_in_Markor_named_folder_20260602_154958_ae6c8c06,Create a new folder in Markor named folder_20260602_154958.,1,baseline,0,0,0,False,False,no_prompt_hint,,open_app,skipped,parallel_independent_for_next_step,True,True,launcher_skipped,0,0,0,0,951.958417892456,1.0018348693847656,0.0,0.0,0.0,0.0,0.0,,,,False,False,False,False,False,,no_pending_plan,{},{},,False,False,,,False,,11.445173740386963,打开Markor应用
Create_a_new_folder_in_Markor_named_folder_20260602_154958_ae6c8c06,Create a new folder in Markor named folder_20260602_154958.,2,baseline,0,0,0,False,False,no_prompt_hint,,"click@(962,2068)",skipped,parallel_independent_for_next_step,True,True,slot_gate_disabled:FORM_CREATE_EDIT:form_no_speculative_action,0,0,0,0,2152.240037918091,4.050493240356445,0.0,0.0,0.0,0.0,0.0,,,,False,False,False,False,False,,no_pending_plan,{},{},,False,False,,,False,,7.495773792266846,已成功打开Markor应用。下一步是点击加号按钮以开始创建新文件夹。
Create_a_new_folder_in_Markor_named_folder_20260602_154958_ae6c8c06,Create a new folder in Markor named folder_20260602_154958.,3,baseline,0,0,0,False,False,no_prompt_hint,,input_text,skipped,parallel_independent_for_next_step,True,True,slot_gate_disabled:FORM_CREATE_EDIT:form_no_speculative_action,0,0,0,0,2740.6630516052246,2.6421546936035156,0.0,0.0,0.0,0.0,0.0,,,,False,False,False,False,False,,no_pending_plan,{},{},,False,False,,,False,,8.914198160171509,已成功打开Markor应用并点击了创建按钮。当前正在创建新文件夹，下一步是输入指定的文件夹名称。
Create_a_new_folder_in_Markor_named_folder_20260602_154958_ae6c8c06,Create a new folder in Markor named folder_20260602_154958.,4,baseline,0,0,0,False,False,no_prompt_hint,,"click@(168,1490)",skipped,parallel_independent_for_next_step,True,True,keyboard_visible,0,0,0,0,2821.2952613830566,0.0,0.0,0.0,0.0,0.0,0.0,,,,False,False,False,False,False,,no_pending_plan,{},{},,False,False,,,False,,7.836712121963501,已成功打开Markor应用并输入了指定的文件夹名称。下一步是点击 'FOLDER' 按钮来完成文件夹的创建。
Create_a_new_folder_in_Markor_named_folder_20260602_154958_ae6c8c06,Create a new folder in Markor named folder_20260602_154958.,5,baseline,0,0,0,False,False,no_prompt_hint,,status,skipped,parallel_independent_for_next_step,True,True,keyboard_visible,0,0,0,0,2530.0707817077637,0.0,0.0,0.0,0.0,0.0,0.0,,,,False,False,False,False,False,,no_pending_plan,{},{},,False,False,,,False,,7.793712854385376,任务已成功完成。名为'folder_20260602_154958'的文件夹已在Markor中创建。
Create_a_new_note_in_Markor_named_backup_tough_penguin.md_with__9ea22dbd,Create a new note in Markor named backup_tough_penguin.md with the following text: You can't make an omelette without breaking a few eggs.,1,baseline,0,0,0,False,False,no_prompt_hint,,open_app,skipped,parallel_independent_for_next_step,True,True,launcher_skipped,0,0,0,0,758.2521438598633,1.0318756103515625,0.0,0.0,0.0,0.0,0.0,,,,False,False,False,False,False,,no_pending_plan,{},{},,False,False,,,False,,10.677035331726074,Open the Markor app to begin creating the note.
Create_a_new_note_in_Markor_named_backup_tough_penguin.md_with__9ea22dbd,Create a new note in Markor named backup_tough_penguin.md with the following text: You can't make an omelette without breaking a few eggs.,2,baseline,0,0,0,False,False,no_prompt_hint,,"click@(962,2068)",skipped,parallel_independent_for_next_step,True,True,slot_gate_disabled:FORM_CREATE_EDIT:form_no_speculative_action,0,0,0,0,1797.7352142333984,4.311800003051758,0.0,0.0,0.0,0.0,0.0,,,,False,False,False,False,False,,no_pending_plan,{},{},,False,False,,,False,,7.017267227172852,The Markor app is open. The next step is to create a new note.
Create_a_new_note_in_Markor_named_backup_tough_penguin.md_with__9ea22dbd,Create a new note in Markor named backup_tough_penguin.md with the following text: You can't make an omelette without breaking a few eggs.,3,baseline,0,0,0,False,False,no_prompt_hint,,input_text,skipped,parallel_independent_for_next_step,True,True,slot_gate_disabled:FORM_CREATE_EDIT:form_no_speculative_action,0,0,0,0,2255.2623748779297,2.0270347595214844,0.0,0.0,0.0,0.0,0.0,,,,False,False,False,False,False,,no_pending_plan,{},{},,False,False,,,False,,8.731029987335205,"The Markor app is open, and the 'Create new file' dialog is displayed. The next step is to enter the filename and set the correct file type."
Create_a_new_note_in_Markor_named_backup_tough_penguin.md_with__9ea22dbd,Create a new note in Markor named backup_tough_penguin.md with the following text: You can't make an omelette without breaking a few eggs.,4,baseline,0,0,0,False,False,no_prompt_hint,,"click@(934,1077)",skipped,parallel_independent_for_next_step,True,True,keyboard_visible,0,0,0,0,2541.4068698883057,0.0,0.0,0.0,0.0,0.0,0.0,,,,False,False,False,False,False,,no_pending_plan,{},{},,False,False,,,False,,7.596117258071899,"The Markor app is open, and the 'Create new file' dialog is displayed. The filename is correctly entered, but the file type needs to be changed from 'CSV' to 'Markdown' to match the required '.md' extension."
Create_a_new_note_in_Markor_named_backup_tough_penguin.md_with__9ea22dbd,Create a new note in Markor named backup_tough_penguin.md with the following text: You can't make an omelette without breaking a few eggs.,5,baseline,0,0,0,False,False,no_prompt_hint,,"click@(205,1113)",skipped,parallel_independent_for_next_step,True,True,slot_gate_disabled:FORM_CREATE_EDIT:form_no_speculative_action,0,0,0,0,2809.4263076782227,1.6567707061767578,0.0,0.0,0.0,0.0,0.0,,,,False,False,False,False,False,,no_pending_plan,{},{},,False,False,,,False,,7.894765853881836,"The Markor app is open, and the 'Create new file' dialog is displayed. The filename is correctly entered, but the file type needs to be changed from 'Markdown' to 'Plain Text' to match the required '.md' extension."
Create_a_new_note_in_Markor_named_backup_tough_penguin.md_with__9ea22dbd,Create a new note in Markor named backup_tough_penguin.md with the following text: You can't make an omelette without breaking a few eggs.,6,baseline,0,0,0,False,False,no_prompt_hint,,"click@(920,1521)",skipped,parallel_independent_for_next_step,True,True,slot_gate_disabled:FORM_CREATE_EDIT:form_no_speculative_action,0,0,0,0,2557.8014850616455,2.1271705627441406,0.0,0.0,0.0,0.0,0.0,,,,False,False,False,False,False,,no_pending_plan,{},{},,False,False,,,False,,8.613912582397461,"The Markor app is open, and the 'Create new file' dialog is displayed. The filename 'backup_tough_penguin' and file type 'Markdown' are correctly set. The next step is to confirm the file creation."
Create_a_new_note_in_Markor_named_backup_tough_penguin.md_with__9ea22dbd,Create a new note in Markor named backup_tough_penguin.md with the following text: You can't make an omelette without breaking a few eggs.,7,baseline,0,0,0,False,False,no_prompt_hint,,"click@(128,353)",skipped,parallel_independent_for_next_step,True,True,slot_gate_disabled:FORM_CREATE_EDIT:form_no_speculative_action,0,0,0,0,2097.317934036255,2.510547637939453,0.0,0.0,0.0,0.0,0.0,,,,False,False,False,False,False,,no_pending_plan,{},{},,False,False,,,False,,7.036674976348877,The note 'backup_tough_penguin.md' has been successfully created. The next step is to add the required text to the note.
Create_a_new_note_in_Markor_named_backup_tough_penguin.md_with__9ea22dbd,Create a new note in Markor named backup_tough_penguin.md with the following text: You can't make an omelette without breaking a few eggs.,8,baseline,0,0,0,False,False,no_prompt_hint,,input_text,skipped,parallel_independent_for_next_step,True,True,keyboard_visible,0,0,0,0,2182.974100112915,0.0,0.0,0.0,0.0,0.0,0.0,,,,False,False,False,False,False,,no_pending_plan,{},{},,False,False,,,False,,9.951841354370117,The note 'backup_tough_penguin.md' has been created. The next step is to add the required text to the note.
Create_a_new_note_in_Markor_named_backup_tough_penguin.md_with__9ea22dbd,Create a new note in Markor named backup_tough_penguin.md with the following text: You can't make an omelette without breaking a few eggs.,9,baseline,0,0,0,False,False,no_prompt_hint,,status,skipped,parallel_independent_for_next_step,True,True,keyboard_visible,0,0,0,0,1862.4606132507324,0.0,0.0,0.0,0.0,0.0,0.0,,,,False,False,False,False,False,,no_pending_plan,{},{},,False,False,,,False,,6.578316926956177,"I have successfully created the note with the specified name and content, so the task is now complete."
Create_a_timer_with_23_hours_4_minutes_and_24_seconds._Do_not_s_37c091b5,"Create a timer with 23 hours, 4 minutes, and 24 seconds. Do not start the timer.",1,baseline,0,0,0,False,False,no_prompt_hint,,open_app,skipped,parallel_independent_for_next_step,True,True,launcher_skipped,0,0,0,0,978.8084030151367,1.009225845336914,0.0,0.0,0.0,0.0,0.0,,,,False,False,False,False,False,,no_pending_plan,{},{},,False,False,,,False,,10.656323432922363,"{'action': 'open_app', 'text': 'Clock'}"
Create_a_timer_with_23_hours_4_minutes_and_24_seconds._Do_not_s_37c091b5,"Create a timer with 23 hours, 4 minutes, and 24 seconds. Do not start the timer.",2,baseline,0,0,0,False,False,no_prompt_hint,,"click@(540,2231)",skipped,parallel_independent_for_next_step,True,True,slot_gate_disabled:FORM_CREATE_EDIT:form_no_speculative_action,0,0,0,0,1780.2860736846924,3.5212039947509766,0.0,0.0,0.0,0.0,0.0,,,,False,False,False,False,False,,no_pending_plan,{},{},,False,False,,,False,,6.808042764663696,The Clock app is open. The next step is to navigate to the Timer section to begin creating the timer.
Create_a_timer_with_23_hours_4_minutes_and_24_seconds._Do_not_s_37c091b5,"Create a timer with 23 hours, 4 minutes, and 24 seconds. Do not start the timer.",3,baseline,0,0,0,False,False,no_prompt_hint,,"click@(540,816)",skipped,parallel_independent_for_next_step,True,True,slot_gate_disabled:FORM_CREATE_EDIT:form_no_speculative_action,0,0,0,0,2189.3577575683594,2.5577545166015625,0.0,0.0,0.0,0.0,0.0,,,,False,False,False,False,False,,no_pending_plan,{},{},,False,False,,,False,,7.289451599121094,"The Clock app is open on the Timer screen. The next step is to input the duration of 23 hours, 4 minutes, and 24 seconds using the numeric keypad."
Create_a_timer_with_23_hours_4_minutes_and_24_seconds._Do_not_s_37c091b5,"Create a timer with 23 hours, 4 minutes, and 24 seconds. Do not start the timer.",4,baseline,0,0,0,False,False,no_prompt_hint,,"click@(540,816)",skipped,parallel_independent_for_next_step,True,True,slot_gate_disabled:FORM_CREATE_EDIT:form_no_speculative_action,0,0,0,0,2435.9614849090576,3.0214786529541016,0.0,0.0,0.0,0.0,0.0,,,,False,False,False,False,False,,no_pending_plan,{},{},,False,False,,,False,,7.461246490478516,"The Clock app is open on the Timer screen. The next step is to input the duration of 23 hours, 4 minutes, and 24 seconds using the numeric keypad."
Create_a_timer_with_23_hours_4_minutes_and_24_seconds._Do_not_s_37c091b5,"Create a timer with 23 hours, 4 minutes, and 24 seconds. Do not start the timer.",5,baseline,0,0,0,False,False,no_prompt_hint,,"click@(815,823)",skipped,parallel_independent_for_next_step,True,True,slot_gate_disabled:FORM_CREATE_EDIT:form_no_speculative_action,0,0,0,0,2811.023950576782,3.505706787109375,0.0,0.0,0.0,0.0,0.0,,,,False,False,False,False,False,,no_pending_plan,{},{},,False,False,,,False,,7.8251824378967285,"The Clock app is open on the Timer screen. The current timer input is '00h 00m 22s'. The next step is to continue entering the duration of 23 hours, 4 minutes, and 24 seconds using the numeric keypad."
Create_a_timer_with_23_hours_4_minutes_and_24_seconds._Do_not_s_37c091b5,"Create a timer with 23 hours, 4 minutes, and 24 seconds. Do not start the timer.",6,baseline,0,0,0,False,False,no_prompt_hint,,"click@(264,1089)",skipped,parallel_independent_for_next_step,True,True,slot_gate_disabled:FORM_CREATE_EDIT:form_no_speculative_action,0,0,0,0,2374.484062194824,1.5223026275634766,0.0,0.0,0.0,0.0,0.0,,,,False,False,False,False,False,,no_pending_plan,{},{},,False,False,,,False,,7.272920608520508,"The Clock app is open on the Timer screen. The current timer input is '00h 02m 23s'. The next step is to continue entering the duration of 23 hours, 4 minutes, and 24 seconds using the numeric keypad."
Create_a_timer_with_23_hours_4_minutes_and_24_seconds._Do_not_s_37c091b5,"Create a timer with 23 hours, 4 minutes, and 24 seconds. Do not start the timer.",7,baseline,0,0,0,False,False,no_prompt_hint,,"click@(264,1089)",skipped,parallel_independent_for_next_step,True,True,slot_gate_disabled:FORM_CREATE_EDIT:form_no_speculative_action,0,0,0,0,1396.8124389648438,3.0770301818847656,0.0,0.0,0.0,0.0,0.0,,,,False,False,False,False,False,,no_pending_plan,{},{},,False,False,,,False,,6.8212807178497314,"The Clock app is open on the Timer screen. The current timer input is '00h 22m 34s'. The next step is to continue entering the duration of 23 hours, 4 minutes, and 24 seconds using the numeric keypad."
Create_a_timer_with_23_hours_4_minutes_and_24_seconds._Do_not_s_37c091b5,"Create a timer with 23 hours, 4 minutes, and 24 seconds. Do not start the timer.",8,baseline,0,0,0,False,False,no_prompt_hint,,"click@(264,1089)",skipped,parallel_independent_for_next_step,True,True,slot_gate_disabled:FORM_CREATE_EDIT:form_no_speculative_action,0,0,0,0,1312.6332759857178,1.8398761749267578,0.0,0.0,0.0,0.0,0.0,,,,False,False,False,False,False,,no_pending_plan,{},{},,False,False,,,False,,6.172081708908081,"The Clock app is open on the Timer screen. The current timer input is '02h 23m 44s'. The next step is to continue entering the duration of 23 hours, 4 minutes, and 24 seconds using the numeric keypad."
Create_a_timer_with_23_hours_4_minutes_and_24_seconds._Do_not_s_37c091b5,"Create a timer with 23 hours, 4 minutes, and 24 seconds. Do not start the timer.",9,baseline,0,0,0,False,False,no_prompt_hint,,"click@(264,1089)",skipped,parallel_independent_for_next_step,True,True,slot_gate_disabled:FORM_CREATE_EDIT:form_no_speculative_action,0,0,0,0,1318.3655738830566,1.1343955993652344,0.0,0.0,0.0,0.0,0.0,,,,False,False,False,False,False,,no_pending_plan,{},{},,False,False,,,False,,7.325103759765625,"The Clock app is open on the Timer screen. The current timer input is '22h 34m 44s'. The next step is to continue entering the duration of 23 hours, 4 minutes, and 24 seconds using the numeric keypad."
Create_a_timer_with_23_hours_4_minutes_and_24_seconds._Do_not_s_37c091b5,"Create a timer with 23 hours, 4 minutes, and 24 seconds. Do not start the timer.",10,baseline,0,0,0,False,False,no_prompt_hint,,"click@(264,1089)",skipped,parallel_independent_for_next_step,True,True,slot_gate_disabled:FORM_CREATE_EDIT:form_no_speculative_action,0,0,0,0,1092.1483039855957,2.0034313201904297,0.0,0.0,0.0,0.0,0.0,,,,False,False,False,False,False,,no_pending_plan,{},{},,False,False,,,False,,4.939046144485474,"The Clock app is open on the Timer screen. The current timer input is '22h 34m 44s'. The next step is to continue entering the duration of 23 hours, 4 minutes, and 24 seconds using the numeric keypad."
Delete_the_file_smart_umbrella_2023_04_02.exe_from_the_Android__12125292,Delete the file smart_umbrella_2023_04_02.exe from the Android filesystem located in the Download folder within the sdk_gphone_x86_64 storage area.,1,baseline,0,0,0,False,False,no_prompt_hint,,open_app,skipped,parallel_independent_for_next_step,True,True,launcher_skipped,0,0,0,0,1081.5823078155518,2.2478103637695312,0.0,0.0,0.0,0.0,0.0,,,,False,False,False,False,False,,no_pending_plan,{},{},,False,False,,,False,,10.063404321670532,任务目标是删除指定文件。当前在手机主屏幕，需要先打开文件管理应用。
Delete_the_file_smart_umbrella_2023_04_02.exe_from_the_Android__12125292,Delete the file smart_umbrella_2023_04_02.exe from the Android filesystem located in the Download folder within the sdk_gphone_x86_64 storage area.,2,baseline,0,0,0,False,False,no_prompt_hint,,long_press,skipped,parallel_independent_for_next_step,True,True,slot_gate_disabled:DELETE_COMMIT:commit_safe,0,0,0,0,2967.0979976654053,4.329442977905273,0.0,0.0,0.0,0.0,0.0,,,,False,False,False,False,False,,no_pending_plan,{},{},,False,False,,,False,,9.646940231323242,任务目标是删除指定文件。目前已成功打开文件管理器并进入下载文件夹，找到了目标文件 'QPKm_smart_umbrella_2023_04_02.exe'。
Delete_the_file_smart_umbrella_2023_04_02.exe_from_the_Android__12125292,Delete the file smart_umbrella_2023_04_02.exe from the Android filesystem located in the Download folder within the sdk_gphone_x86_64 storage area.,3,baseline,0,0,0,False,False,no_prompt_hint,,"click@(886,190)",skipped,parallel_independent_for_next_step,True,True,slot_gate_disabled:DELETE_COMMIT:commit_safe,0,0,0,0,2628.8254261016846,8.020639419555664,0.0,0.0,0.0,0.0,0.0,,,,False,False,False,False,False,,no_pending_plan,{},{},,False,False,,,False,,7.509588003158569,任务目标是删除指定文件。目前已成功打开文件管理器，进入下载文件夹，并选中了目标文件 'QPKm_smart_umbrella_2023_04_02.exe'。下一步是执行删除操作。
Delete_the_file_smart_umbrella_2023_04_02.exe_from_the_Android__12125292,Delete the file smart_umbrella_2023_04_02.exe from the Android filesystem located in the Download folder within the sdk_gphone_x86_64 storage area.,4,baseline,0,0,0,False,False,no_prompt_hint,,"click@(883,1312)",skipped,parallel_independent_for_next_step,True,True,slot_gate_disabled:DELETE_COMMIT:commit_safe,0,0,0,0,2301.809310913086,1.6632080078125,0.0,0.0,0.0,0.0,0.0,,,,False,False,False,False,False,,no_pending_plan,{},{},,False,False,,,False,,7.345168113708496,任务目标是删除指定文件。目前已在文件管理器中选中了目标文件，并弹出了删除确认对话框。下一步是确认删除。
Delete_the_file_smart_umbrella_2023_04_02.exe_from_the_Android__12125292,Delete the file smart_umbrella_2023_04_02.exe from the Android filesystem located in the Download folder within the sdk_gphone_x86_64 storage area.,5,baseline,0,0,0,False,False,no_prompt_hint,,status,skipped,parallel_independent_for_next_step,True,True,slot_gate_disabled:DELETE_COMMIT:commit_safe,0,0,0,0,1831.3193321228027,2.1402835845947266,0.0,0.0,0.0,0.0,0.0,,,,False,False,False,False,False,,no_pending_plan,{},{},,False,False,,,False,,5.479185581207275,任务要求删除的文件已成功删除，任务目标已经达成，所以我将结束任务。
Delete_the_following_expenses_from_pro_expense_Gift_for_Friend__4d89e1f3,"Delete the following expenses from pro expense: Gift for Friend, Coffee, Jeans.",1,baseline,0,0,0,False,False,no_prompt_hint,,open_app,skipped,parallel_independent_for_next_step,True,True,launcher_skipped,0,0,0,0,1018.2995796203613,1.0106563568115234,0.0,0.0,0.0,0.0,0.0,,,,False,False,False,False,False,,no_pending_plan,{},{},,False,False,,,False,,10.755837440490723,任务目标是删除三个指定的支出项。当前正准备打开 'Pro Expense' 应用。
Delete_the_following_expenses_from_pro_expense_Gift_for_Friend__4d89e1f3,"Delete the following expenses from pro expense: Gift for Friend, Coffee, Jeans.",2,baseline,0,0,0,False,False,no_prompt_hint,,"click@(72,197)",skipped,parallel_independent_for_next_step,True,True,slot_gate_disabled:DELETE_COMMIT:commit_safe,0,0,0,0,1970.9384441375732,3.0362606048583984,0.0,0.0,0.0,0.0,0.0,,,,False,False,False,False,False,,no_pending_plan,{},{},,False,False,,,False,,6.883529901504517,任务目标是删除三个指定的支出项。目前已成功打开应用，下一步是导航到支出列表以找到这些项目。
Delete_the_following_expenses_from_pro_expense_Gift_for_Friend__4d89e1f3,"Delete the following expenses from pro expense: Gift for Friend, Coffee, Jeans.",3,baseline,0,0,0,False,False,no_prompt_hint,,"click@(311,756)",skipped,parallel_independent_for_next_step,True,True,slot_gate_disabled:DELETE_COMMIT:commit_safe,0,0,0,0,2213.6619091033936,1.6117095947265625,0.0,0.0,0.0,0.0,0.0,,,,False,False,False,False,False,,no_pending_plan,{},{},,False,False,,,False,,9.801792621612549,任务目标是删除三个指定的支出项。目前已成功打开应用并展开了侧边导航栏，下一步将进入支出日志页面以查找这些项目。
Delete_the_following_expenses_from_pro_expense_Gift_for_Friend__4d89e1f3,"Delete the following expenses from pro expense: Gift for Friend, Coffee, Jeans.",4,baseline,0,0,0,False,False,no_prompt_hint,,swipe,skipped,parallel_independent_for_next_step,True,True,slot_gate_disabled:DELETE_COMMIT:commit_safe,0,0,0,0,2455.6727409362793,3.5240650177001953,0.0,0.0,0.0,0.0,0.0,,,,False,False,False,False,False,,no_pending_plan,{},{},,False,False,,,False,,8.436304569244385,任务目标是删除三个指定的支出项。目前已成功打开应用并进入支出日志页面。由于目标支出项不在当前视图中，正在滚动列表以查找它们。
Delete_the_following_expenses_from_pro_expense_Gift_for_Friend__4d89e1f3,"Delete the following expenses from pro expense: Gift for Friend, Coffee, Jeans.",5,baseline,0,0,0,False,False,no_prompt_hint,,swipe,skipped,parallel_independent_for_next_step,True,True,slot_gate_disabled:DELETE_COMMIT:commit_safe,0,0,0,0,2556.8785667419434,2.772808074951172,0.0,0.0,0.0,0.0,0.0,,,,False,False,False,False,False,,no_pending_plan,{},{},,False,False,,,False,,6.983455181121826,任务目标是删除三个指定的支出项。目前已成功打开应用并进入支出日志页面。由于目标支出项不在当前视图中，正在滚动列表以查找它们。
Delete_the_following_expenses_from_pro_expense_Gift_for_Friend__4d89e1f3,"Delete the following expenses from pro expense: Gift for Friend, Coffee, Jeans.",6,baseline,0,0,0,False,False,no_prompt_hint,,swipe,skipped,parallel_independent_for_next_step,True,True,slot_gate_disabled:DELETE_COMMIT:commit_safe,0,0,0,0,2469.280004501343,4.267692565917969,0.0,0.0,0.0,0.0,0.0,,,,False,False,False,False,False,,no_pending_plan,{},{},,False,False,,,False,,8.302978515625,任务目标是删除三个指定的支出项。目前已成功打开应用并进入支出日志页面。由于目标支出项不在当前视图中，正在滚动列表以查找它们。
Delete_the_following_expenses_from_pro_expense_Gift_for_Friend__4d89e1f3,"Delete the following expenses from pro expense: Gift for Friend, Coffee, Jeans.",7,baseline,0,0,0,False,False,no_prompt_hint,,"click@(364,1178)",skipped,parallel_independent_for_next_step,True,True,slot_gate_disabled:DELETE_COMMIT:commit_safe,0,0,0,0,2167.496919631958,2.9993057250976562,0.0,0.0,0.0,0.0,0.0,,,,False,False,False,False,False,,no_pending_plan,{},{},,False,False,,,False,,10.653819799423218,任务目标是删除三个指定的支出项。目前已成功打开应用并找到了第一个目标 'Gift for Friend'，下一步将点击该项目以进行删除操作。
Delete_the_following_expenses_from_pro_expense_Gift_for_Friend__4d89e1f3,"Delete the following expenses from pro expense: Gift for Friend, Coffee, Jeans.",8,baseline,0,0,0,False,False,no_prompt_hint,,"click@(967,1658)",skipped,parallel_independent_for_next_step,True,True,slot_gate_disabled:DELETE_COMMIT:commit_safe,0,0,0,0,2088.399887084961,2.286672592163086,0.0,0.0,0.0,0.0,0.0,,,,False,False,False,False,False,,no_pending_plan,{},{},,False,False,,,False,,9.096668243408203,任务目标是删除三个指定的支出项。目前已成功打开应用并找到了第一个目标'Gift for Friend'，正准备点击删除按钮。
Delete_the_following_expenses_from_pro_expense_Gift_for_Friend__4d89e1f3,"Delete the following expenses from pro expense: Gift for Friend, Coffee, Jeans.",9,baseline,0,0,0,False,False,no_prompt_hint,,"click@(540,2221)",skipped,parallel_independent_for_next_step,True,True,slot_gate_disabled:DELETE_COMMIT:commit_safe,0,0,0,0,1039.5605564117432,1.0068416595458984,0.0,0.0,0.0,0.0,0.0,,,,False,False,False,False,False,,no_pending_plan,{},{},,False,False,,,False,,7.1129114627838135,任务目标是删除三个指定的支出项。目前已成功打开应用并找到了第一个目标'Gift for Friend'，正在确认删除操作。
Delete_the_following_expenses_from_pro_expense_Gift_for_Friend__4d89e1f3,"Delete the following expenses from pro expense: Gift for Friend, Coffee, Jeans.",10,baseline,0,0,0,False,False,no_prompt_hint,,swipe,skipped,parallel_independent_for_next_step,True,True,slot_gate_disabled:DELETE_COMMIT:commit_safe,0,0,0,0,2125.866174697876,2.992391586303711,0.0,0.0,0.0,0.0,0.0,,,,False,False,False,False,False,,no_pending_plan,{},{},,False,False,,,False,,6.436856508255005,任务目标是删除三个指定的支出项。已成功删除'Gift for Friend'。现在正在滚动列表以查找并删除'Coffee'。
Delete_the_following_expenses_from_pro_expense_Gift_for_Friend__4d89e1f3,"Delete the following expenses from pro expense: Gift for Friend, Coffee, Jeans.",11,baseline,0,0,0,False,False,no_prompt_hint,,"click@(287,1624)",skipped,parallel_independent_for_next_step,True,True,slot_gate_disabled:DELETE_COMMIT:commit_safe,0,0,0,0,2381.2553882598877,2.1085739135742188,0.0,0.0,0.0,0.0,0.0,,,,False,False,False,False,False,,no_pending_plan,{},{},,False,False,,,False,,7.57867431640625,任务目标是删除三个指定的支出项。已成功删除'Gift for Friend'。现在正在处理'Jeans'，已找到该条目并准备点击进入详情页进行删除。
Delete_the_following_expenses_from_pro_expense_Gift_for_Friend__4d89e1f3,"Delete the following expenses from pro expense: Gift for Friend, Coffee, Jeans.",12,baseline,0,0,0,False,False,no_prompt_hint,,"click@(967,1658)",skipped,parallel_independent_for_next_step,True,True,slot_gate_disabled:DELETE_COMMIT:commit_safe,0,0,0,0,1121.382236480713,1.6002655029296875,0.0,0.0,0.0,0.0,0.0,,,,False,False,False,False,False,,no_pending_plan,{},{},,False,False,,,False,,7.769510746002197,任务目标是删除三个指定的支出项。已成功删除'Gift for Friend'。当前已找到'Jeans'并进入其详情页，准备点击删除按钮。
Delete_the_following_expenses_from_pro_expense_Gift_for_Friend__4d89e1f3,"Delete the following expenses from pro expense: Gift for Friend, Coffee, Jeans.",13,baseline,0,0,0,False,False,no_prompt_hint,,"click@(540,2221)",skipped,parallel_independent_for_next_step,True,True,slot_gate_disabled:DELETE_COMMIT:commit_safe,0,0,0,0,1034.6691608428955,2.199888229370117,0.0,0.0,0.0,0.0,0.0,,,,False,False,False,False,False,,no_pending_plan,{},{},,False,False,,,False,,7.11961817741394,任务目标是删除三个指定的支出项。已成功删除'Gift for Friend'。当前正在确认删除'Jeans'。
Delete_the_following_expenses_from_pro_expense_Gift_for_Friend__4d89e1f3,"Delete the following expenses from pro expense: Gift for Friend, Coffee, Jeans.",14,baseline,0,0,0,False,False,no_prompt_hint,,"click@(291,1994)",skipped,parallel_independent_for_next_step,True,True,slot_gate_disabled:DELETE_COMMIT:commit_safe,0,0,0,0,2309.2238903045654,3.0410289764404297,0.0,0.0,0.0,0.0,0.0,,,,False,False,False,False,False,,no_pending_plan,{},{},,False,False,,,False,,7.480518341064453,任务目标是删除三个指定的支出项。已成功删除'Gift for Friend'和'Jeans'。现在正在处理'Coffee'，已找到该条目并准备点击进入详情页进行删除。
Delete_the_following_expenses_from_pro_expense_Gift_for_Friend__4d89e1f3,"Delete the following expenses from pro expense: Gift for Friend, Coffee, Jeans.",15,baseline,0,0,0,False,False,no_prompt_hint,,"click@(967,1658)",skipped,parallel_independent_for_next_step,True,True,slot_gate_disabled:DELETE_COMMIT:commit_safe,0,0,0,0,2711.601495742798,2.0444393157958984,0.0,0.0,0.0,0.0,0.0,,,,False,False,False,False,False,,no_pending_plan,{},{},,False,False,,,False,,8.853540897369385,任务目标是删除三个指定的支出项。已成功删除'Gift for Friend'和'Jeans'。当前已进入'Coffee'的详情页面，准备执行删除操作。
Delete_the_following_expenses_from_pro_expense_Gift_for_Friend__4d89e1f3,"Delete the following expenses from pro expense: Gift for Friend, Coffee, Jeans.",16,baseline,0,0,0,False,False,no_prompt_hint,,"click@(540,2221)",skipped,parallel_independent_for_next_step,True,True,slot_gate_disabled:DELETE_COMMIT:commit_safe,0,0,0,0,1083.0750465393066,2.173185348510742,0.0,0.0,0.0,0.0,0.0,,,,False,False,False,False,False,,no_pending_plan,{},{},,False,False,,,False,,7.196070432662964,任务目标是删除三个指定的支出项。已成功删除'Gift for Friend'和'Jeans'。当前正在确认删除'Coffee'。
Delete_the_following_expenses_from_pro_expense_Gift_for_Friend__4d89e1f3,"Delete the following expenses from pro expense: Gift for Friend, Coffee, Jeans.",17,baseline,0,0,0,False,False,no_prompt_hint,,status,skipped,parallel_independent_for_next_step,True,True,slot_gate_disabled:DELETE_COMMIT:commit_safe,0,0,0,0,1061.9080066680908,7.061004638671875,0.0,0.0,0.0,0.0,0.0,,,,False,False,False,False,False,,no_pending_plan,{},{},,False,False,,,False,,4.831483364105225,"{'action': 'terminate', 'status': 'success', 'return_text': ""任务已完成，已成功删除'Gift for Friend'、'Coffee'和'Jeans'这三项支出。""}"
Delete_the_following_expenses_from_pro_expense_Movie_Night_ccb19e2b,Delete the following expenses from pro expense: Movie Night.,1,baseline,0,0,0,False,False,no_prompt_hint,,open_app,skipped,parallel_independent_for_next_step,True,True,launcher_skipped,0,0,0,0,973.7117290496826,0.0,0.0,0.0,0.0,0.0,0.0,,,,False,False,False,False,False,,no_pending_plan,{},{},,False,False,,,False,,10.678206443786621,任务目标是从Pro Expense应用中删除名为'Movie Night'的支出。当前正准备打开该应用。
Delete_the_following_expenses_from_pro_expense_Movie_Night_ccb19e2b,Delete the following expenses from pro expense: Movie Night.,2,baseline,0,0,0,False,False,no_prompt_hint,,"click@(388,1780)",skipped,parallel_independent_for_next_step,True,True,slot_gate_disabled:DELETE_COMMIT:commit_safe,0,0,0,0,2154.6242237091064,3.1201839447021484,0.0,0.0,0.0,0.0,0.0,,,,False,False,False,False,False,,no_pending_plan,{},{},,False,False,,,False,,7.16208291053772,任务目标是删除'Movie Night'支出。目前已成功打开应用，并在主界面找到了该支出条目。下一步是点击该条目以进行删除操作。
Delete_the_following_expenses_from_pro_expense_Movie_Night_ccb19e2b,Delete the following expenses from pro expense: Movie Night.,3,baseline,0,0,0,False,False,no_prompt_hint,,"click@(967,1658)",skipped,parallel_independent_for_next_step,True,True,slot_gate_disabled:DELETE_COMMIT:commit_safe,0,0,0,0,2064.1515254974365,2.505779266357422,0.0,0.0,0.0,0.0,0.0,,,,False,False,False,False,False,,no_pending_plan,{},{},,False,False,,,False,,8.216239213943481,任务目标是删除'Movie Night'支出。目前已成功打开应用并进入该支出的详情页面。下一步是执行删除操作。
Delete_the_following_expenses_from_pro_expense_Movie_Night_ccb19e2b,Delete the following expenses from pro expense: Movie Night.,4,baseline,0,0,0,False,False,no_prompt_hint,,"click@(537,2219)",skipped,parallel_independent_for_next_step,True,True,slot_gate_disabled:DELETE_COMMIT:commit_safe,0,0,0,0,2027.2340774536133,3.0961036682128906,0.0,0.0,0.0,0.0,0.0,,,,False,False,False,False,False,,no_pending_plan,{},{},,False,False,,,False,,8.051797151565552,任务目标是删除'Movie Night'支出。目前已打开应用，找到该支出并点击了删除按钮，现在正处于删除确认界面。
Delete_the_following_expenses_from_pro_expense_Movie_Night_ccb19e2b,Delete the following expenses from pro expense: Movie Night.,5,baseline,0,0,0,False,False,no_prompt_hint,,status,skipped,parallel_independent_for_next_step,True,True,slot_gate_disabled:DELETE_COMMIT:commit_safe,0,0,0,0,1916.8798923492432,2.121448516845703,0.0,0.0,0.0,0.0,0.0,,,,False,False,False,False,False,,no_pending_plan,{},{},,False,False,,,False,,7.173816442489624,我已经成功删除了'Movie Night'这笔支出，任务目标已达成。
Do_I_have_any_events_between_11_30am_and_8pm_the_Monday_after_n_94e903a0,"Do I have any events between 11:30am and 8pm the Monday after next in Simple Calendar Pro? Answer with the titles only. If there are multiples titles, format your answer in a comma separated list.",1,baseline,0,0,0,False,False,no_prompt_hint,,open_app,skipped,parallel_independent_for_next_step,True,True,launcher_skipped,0,0,0,0,1038.1286144256592,0.9992122650146484,0.0,0.0,0.0,0.0,0.0,,,,False,False,False,False,False,,no_pending_plan,{},{},,False,False,,,False,,11.24535846710205,Open the Simple Calendar Pro app to view the calendar.
Do_I_have_any_events_between_11_30am_and_8pm_the_Monday_after_n_94e903a0,"Do I have any events between 11:30am and 8pm the Monday after next in Simple Calendar Pro? Answer with the titles only. If there are multiples titles, format your answer in a comma separated list.",2,baseline,0,0,0,False,False,no_prompt_hint,,"click@(228,1799)",completed,parallel_independent_for_next_step,True,True,slot_gate_enabled:EVENT_QUERY:passive_or_partial_slots,12,12,13,3,2176.8600940704346,61430.418729782104,13865.994453430176,13724.243879318237,25.670528411865234,10.005950927734375,59373.289823532104,True,"level2,level1,level1,level1,level1,level1,level1,level2,level1,level1,level1,level1",,False,False,False,False,False,,no_pending_plan,{},{},,False,False,,,False,,66.59720969200134,The task is to find events on the Monday after next (October 23rd) between 11:30am and 8pm. I am now selecting the date to view its events.
Do_I_have_any_events_between_11_30am_and_8pm_the_Monday_after_n_94e903a0,"Do I have any events between 11:30am and 8pm the Monday after next in Simple Calendar Pro? Answer with the titles only. If there are multiples titles, format your answer in a comma separated list.",3,baseline_plus_exploration,1,13,7,True,False,evidence_only_hint,simple; simple; simple,status,completed,parallel_independent_for_next_step,True,True,slot_gate_enabled:EVENT_QUERY:passive_or_partial_slots,16,12,13,3,2646.4974880218506,122557.09385871887,14113.476276397705,13813.03358078003,20.203351974487305,3.069162368774414,120045.00889778137,True,"level1,level2,level2,level1,level1,level1,level2,level2,level2,level2,level2,level1",,False,False,False,False,False,,no_pending_plan,{},{},,False,False,,,False,,128.61787748336792,"I have identified the event 'Happy Hour' which occurs between 11:30 AM and 8:00 PM on the specified date, so I will complete the task and provide the answer."
Edit_note_3VyMX.md_in_Markor._Add_to_the_bottom_of_the_note_Gym_afcedaf3,Edit note_3VyMX.md in Markor. Add to the bottom of the note Gym membership renewal due on the 20th.,1,baseline,0,0,0,False,False,no_prompt_hint,,open_app,skipped,parallel_independent_for_next_step,True,True,launcher_skipped,0,0,0,0,855.1068305969238,0.0,0.0,0.0,0.0,0.0,0.0,,,,False,False,False,False,False,,no_pending_plan,{},{},,False,False,,,False,,10.151004314422607,Open the Markor app
Edit_note_3VyMX.md_in_Markor._Add_to_the_bottom_of_the_note_Gym_afcedaf3,Edit note_3VyMX.md in Markor. Add to the bottom of the note Gym membership renewal due on the 20th.,2,baseline,0,0,0,False,False,no_prompt_hint,,"click@(540,2114)",skipped,parallel_independent_for_next_step,True,True,slot_gate_disabled:FORM_CREATE_EDIT:form_no_speculative_action,0,0,0,0,1886.929988861084,4.631519317626953,0.0,0.0,0.0,0.0,0.0,,,,False,False,False,False,False,,no_pending_plan,{},{},,False,False,,,False,,8.050074338912964,The Markor app is open. The next step is to open the 'note_3VyMX.md' file to edit it.
Edit_note_3VyMX.md_in_Markor._Add_to_the_bottom_of_the_note_Gym_afcedaf3,Edit note_3VyMX.md in Markor. Add to the bottom of the note Gym membership renewal due on the 20th.,3,baseline,0,0,0,False,False,no_prompt_hint,,input_text,skipped,parallel_independent_for_next_step,True,True,slot_gate_disabled:FORM_CREATE_EDIT:form_no_speculative_action,0,0,0,0,2034.3832969665527,1.0962486267089844,0.0,0.0,0.0,0.0,0.0,,,,False,False,False,False,False,,no_pending_plan,{},{},,False,False,,,False,,8.699933052062988,The note 'note_3VyMX.md' is open. The next step is to add the specified text to the bottom of the note.
Edit_note_3VyMX.md_in_Markor._Add_to_the_bottom_of_the_note_Gym_afcedaf3,Edit note_3VyMX.md in Markor. Add to the bottom of the note Gym membership renewal due on the 20th.,4,baseline,0,0,0,False,False,no_prompt_hint,,status,skipped,parallel_independent_for_next_step,True,True,keyboard_visible,0,0,0,0,2454.8773765563965,1.5456676483154297,0.0,0.0,0.0,0.0,0.0,,,,False,False,False,False,False,,no_pending_plan,{},{},,False,False,,,False,,7.45247220993042,The task is complete. The text 'Gym membership renewal due on the 20th.' has been successfully added to the note 'note_3VyMX.md'.
Go_to_the_new_contact_screen_and_enter_the_following_details_Fi_c8e1389e,"Go to the new contact screen and enter the following details: First Name: Ivan, Last Name: Adams, Phone: 310-895-7405, Phone Label: Work. Do NOT hit save.",1,baseline,0,0,0,False,False,no_prompt_hint,,open_app,skipped,parallel_independent_for_next_step,True,True,launcher_skipped,0,0,0,0,885.1954936981201,0.7436275482177734,0.0,0.0,0.0,0.0,0.0,,,,False,False,False,False,False,,no_pending_plan,{},{},,False,False,,,False,,9.749904870986938,"{'action': 'open_app', 'text': 'Contacts'}"
Go_to_the_new_contact_screen_and_enter_the_following_details_Fi_c8e1389e,"Go to the new contact screen and enter the following details: First Name: Ivan, Last Name: Adams, Phone: 310-895-7405, Phone Label: Work. Do NOT hit save.",2,baseline,0,0,0,False,False,no_prompt_hint,,"click@(941,2008)",skipped,parallel_independent_for_next_step,True,True,slot_gate_disabled:FORM_CREATE_EDIT:form_no_speculative_action,0,0,0,0,2026.3950824737549,6.7424774169921875,0.0,0.0,0.0,0.0,0.0,,,,False,False,False,False,False,,no_pending_plan,{},{},,False,False,,,False,,7.160254001617432,The task is to create a new contact. I have successfully opened the Contacts app and am now on the main screen. The next step is to navigate to the new contact creation screen.
Go_to_the_new_contact_screen_and_enter_the_following_details_Fi_c8e1389e,"Go to the new contact screen and enter the following details: First Name: Ivan, Last Name: Adams, Phone: 310-895-7405, Phone Label: Work. Do NOT hit save.",3,baseline,0,0,0,False,False,no_prompt_hint,,"click@(537,933)",skipped,parallel_independent_for_next_step,True,True,slot_gate_disabled:FORM_CREATE_EDIT:form_no_speculative_action,0,0,0,0,1916.949987411499,2.1185874938964844,0.0,0.0,0.0,0.0,0.0,,,,False,False,False,False,False,,no_pending_plan,{},{},,False,False,,,False,,8.65036940574646,"I have successfully navigated to the 'Create contact' screen. The next step is to enter the contact's details, starting with the first name."
Go_to_the_new_contact_screen_and_enter_the_following_details_Fi_c8e1389e,"Go to the new contact screen and enter the following details: First Name: Ivan, Last Name: Adams, Phone: 310-895-7405, Phone Label: Work. Do NOT hit save.",4,baseline,0,0,0,False,False,no_prompt_hint,,input_text,skipped,parallel_independent_for_next_step,True,True,keyboard_visible,0,0,0,0,2203.9899826049805,0.0,0.0,0.0,0.0,0.0,0.0,,,,False,False,False,False,False,,no_pending_plan,{},{},,False,False,,,False,,9.843234062194824,"I have successfully navigated to the 'Create contact' screen. The next step is to enter the contact's details, starting with the first name."
Go_to_the_new_contact_screen_and_enter_the_following_details_Fi_c8e1389e,"Go to the new contact screen and enter the following details: First Name: Ivan, Last Name: Adams, Phone: 310-895-7405, Phone Label: Work. Do NOT hit save.",5,baseline,0,0,0,False,False,no_prompt_hint,,input_text,skipped,parallel_independent_for_next_step,True,True,keyboard_visible,0,0,0,0,961.1077308654785,0.0,0.0,0.0,0.0,0.0,0.0,,,,False,False,False,False,False,,no_pending_plan,{},{},,False,False,,,False,,5.9825756549835205,I have successfully entered the first name 'Ivan' and am now entering the last name 'Adams' into the corresponding field.
Go_to_the_new_contact_screen_and_enter_the_following_details_Fi_c8e1389e,"Go to the new contact screen and enter the following details: First Name: Ivan, Last Name: Adams, Phone: 310-895-7405, Phone Label: Work. Do NOT hit save.",6,baseline,0,0,0,False,False,no_prompt_hint,,"click@(453,1523)",skipped,parallel_independent_for_next_step,True,True,keyboard_visible,0,0,0,0,2089.0753269195557,0.0,0.0,0.0,0.0,0.0,0.0,,,,False,False,False,False,False,,no_pending_plan,{},{},,False,False,,,False,,7.952008485794067,I have successfully entered the first name 'Ivan' and last name 'Adams'. The next step is to enter the phone number.
Go_to_the_new_contact_screen_and_enter_the_following_details_Fi_c8e1389e,"Go to the new contact screen and enter the following details: First Name: Ivan, Last Name: Adams, Phone: 310-895-7405, Phone Label: Work. Do NOT hit save.",7,baseline,0,0,0,False,False,no_prompt_hint,,input_text,skipped,parallel_independent_for_next_step,True,True,keyboard_visible,0,0,0,0,2360.61429977417,0.0,0.0,0.0,0.0,0.0,0.0,,,,False,False,False,False,False,,no_pending_plan,{},{},,False,False,,,False,,8.684962749481201,I have successfully entered the first and last names for the new contact. I am now entering the phone number.
Go_to_the_new_contact_screen_and_enter_the_following_details_Fi_c8e1389e,"Go to the new contact screen and enter the following details: First Name: Ivan, Last Name: Adams, Phone: 310-895-7405, Phone Label: Work. Do NOT hit save.",8,baseline,0,0,0,False,False,no_prompt_hint,,"click@(522,1713)",skipped,parallel_independent_for_next_step,True,True,keyboard_visible,0,0,0,0,2165.5797958374023,0.0,0.0,0.0,0.0,0.0,0.0,,,,False,False,False,False,False,,no_pending_plan,{},{},,False,False,,,False,,7.01252818107605,"I have successfully entered the first name, last name, and phone number. The next step is to change the phone label from 'Mobile' to 'Work'."
Go_to_the_new_contact_screen_and_enter_the_following_details_Fi_c8e1389e,"Go to the new contact screen and enter the following details: First Name: Ivan, Last Name: Adams, Phone: 310-895-7405, Phone Label: Work. Do NOT hit save.",9,baseline,0,0,0,False,False,no_prompt_hint,,"click@(206,461)",skipped,parallel_independent_for_next_step,True,True,keyboard_visible,0,0,0,0,1950.115442276001,0.0,0.0,0.0,0.0,0.0,0.0,,,,False,False,False,False,False,,no_pending_plan,{},{},,False,False,,,False,,7.797264575958252,"I have successfully entered the first name, last name, and phone number. I have also opened the phone label dropdown menu and am now selecting 'Work' as the label."
Go_to_the_new_contact_screen_and_enter_the_following_details_Fi_c8e1389e,"Go to the new contact screen and enter the following details: First Name: Ivan, Last Name: Adams, Phone: 310-895-7405, Phone Label: Work. Do NOT hit save.",10,baseline,0,0,0,False,False,no_prompt_hint,,status,skipped,parallel_independent_for_next_step,True,True,keyboard_visible,0,0,0,0,2038.8767719268799,0.0,0.0,0.0,0.0,0.0,0.0,,,,False,False,False,False,False,,no_pending_plan,{},{},,False,False,,,False,,5.6821863651275635,任务是创建一个新联系人。我已经成功导航到'创建联系人'界面，并输入了所有指定的详细信息：名字'Ivan'，姓氏'Adams'，电话号码'310-895-7405'，以及电话标签'Work'。根据任务要求，我没有点击保存。任务已完成。
How_long_was_my_climbing_activity_October_15_in_the_OpenTracks__584bfe41,How long was my climbing activity October 15 in the OpenTracks app? Express your answer in minutes as a single integer.,1,baseline,0,0,0,False,False,no_prompt_hint,,open_app,skipped,parallel_independent_for_next_step,True,True,launcher_skipped,0,0,0,0,942.5876140594482,0.0,0.0,0.0,0.0,0.0,0.0,,,,False,False,False,False,False,,no_pending_plan,{},{},,False,False,,,False,,9.938941955566406,Open the OpenTracks app to view the activity details.
How_long_was_my_climbing_activity_October_15_in_the_OpenTracks__584bfe41,How long was my climbing activity October 15 in the OpenTracks app? Express your answer in minutes as a single integer.,2,baseline,0,0,0,False,False,no_prompt_hint,,"click@(782,209)",skipped_transaction_unsafe,parallel_independent_for_next_step,True,True,selected_candidate_transaction_unsafe,19,1,0,0,2445.686101913452,19507.78031349182,0.0,0.0,0.0,0.0,17103.803396224976,,"level2,level1,level1",,False,False,False,False,False,,no_pending_plan,{},{},,False,False,,,False,,25.456479787826538,"The task is to find the duration of a climbing activity from October 15th. The app is open, but the target activity is not visible on the current screen. The next step is to use the search function."
How_long_was_my_climbing_activity_October_15_in_the_OpenTracks__584bfe41,How long was my climbing activity October 15 in the OpenTracks app? Express your answer in minutes as a single integer.,3,baseline,0,0,0,False,False,no_prompt_hint,,swipe,skipped_transaction_unsafe,parallel_independent_for_next_step,True,True,selected_candidate_transaction_unsafe,18,1,0,0,1197.6933479309082,19011.40332221985,0.0,0.0,0.0,0.0,17851.328134536743,,"level2,level1",,False,False,False,False,False,,no_pending_plan,{},{},,False,False,,,False,,23.542840242385864,"{'action': 'swipe', 'direction': 'up', 'start_coordinate': [540, 1912], 'end_coordinate': [540, 720]}"
How_long_was_my_climbing_activity_October_15_in_the_OpenTracks__584bfe41,How long was my climbing activity October 15 in the OpenTracks app? Express your answer in minutes as a single integer.,4,baseline,0,0,0,False,False,no_prompt_hint,,swipe,skipped_transaction_unsafe,parallel_independent_for_next_step,True,True,selected_candidate_transaction_unsafe,19,1,0,0,1318.3073997497559,21189.68629837036,0.0,0.0,0.0,0.0,19911.168575286865,,"level2,level1",,False,False,False,False,False,,no_pending_plan,{},{},,False,False,,,False,,25.851860523223877,"{'action': 'swipe', 'direction': 'up', 'start_coordinate': [540, 2082], 'end_coordinate': [571, 1087]}"
How_long_was_my_climbing_activity_October_15_in_the_OpenTracks__584bfe41,How long was my climbing activity October 15 in the OpenTracks app? Express your answer in minutes as a single integer.,5,baseline,0,0,0,False,False,no_prompt_hint,,swipe,skipped_transaction_unsafe,parallel_independent_for_next_step,True,True,selected_candidate_transaction_unsafe,18,1,0,0,2508.793354034424,23060.821771621704,0.0,0.0,0.0,0.0,20593.926668167114,,"level2,level1",,False,False,False,False,False,,no_pending_plan,{},{},,False,False,,,False,,27.47490882873535,"The task is to find the duration of a climbing activity from October 15th. The app is open, but the target activity is not visible on the current screen. The next step is to scroll up to find it."
How_long_was_my_climbing_activity_October_15_in_the_OpenTracks__584bfe41,How long was my climbing activity October 15 in the OpenTracks app? Express your answer in minutes as a single integer.,6,baseline,0,0,0,False,False,no_prompt_hint,,swipe,skipped_transaction_unsafe,parallel_independent_for_next_step,True,True,selected_candidate_transaction_unsafe,18,1,0,0,1076.5371322631836,25566.416263580322,0.0,0.0,0.0,0.0,24523.62895011902,,"level2,level1",,False,False,False,False,False,,no_pending_plan,{},{},,False,False,,,False,,29.983733415603638,"{'action': 'swipe', 'direction': 'up', 'start_coordinate': [540, 2082], 'end_coordinate': [571, 1087]}"
How_long_was_my_climbing_activity_October_15_in_the_OpenTracks__584bfe41,How long was my climbing activity October 15 in the OpenTracks app? Express your answer in minutes as a single integer.,7,baseline,0,0,0,False,False,no_prompt_hint,,swipe,skipped_transaction_unsafe,parallel_independent_for_next_step,True,True,selected_candidate_transaction_unsafe,18,1,0,0,1437.4380111694336,26680.230379104614,0.0,0.0,0.0,0.0,25292.09303855896,,"level2,level1",,False,False,False,False,False,,no_pending_plan,{},{},,False,False,,,False,,30.987794876098633,"The task is to find the duration of a climbing activity from October 15th. The app is open, but the target activity is not visible on the current screen. The next step is to scroll up to find it."
How_long_was_my_climbing_activity_October_15_in_the_OpenTracks__584bfe41,How long was my climbing activity October 15 in the OpenTracks app? Express your answer in minutes as a single integer.,8,baseline,0,0,0,False,False,no_prompt_hint,,swipe,rollback_failed,parallel_independent_for_next_step,True,True,slot_gate_enabled:ACTIVITY_STATS:passive_or_partial_slots,18,12,10,0,1424.9534606933594,27567.84462928772,1341.787338256836,2208.678722381592,1.3475418090820312,2.7027130126953125,26234.140396118164,False,level2,,False,False,False,False,False,,no_pending_plan,{},{},,False,False,,,False,,32.07945656776428,"The task is to find the duration of a climbing activity from October 15th. The app is open, but the target activity is not visible on the current screen. The next step is to scroll up to find it."
How_long_was_my_climbing_activity_October_15_in_the_OpenTracks__584bfe41,How long was my climbing activity October 15 in the OpenTracks app? Express your answer in minutes as a single integer.,9,baseline,0,0,0,False,False,no_prompt_hint,,"click@(174,1204)",skipped,parallel_independent_for_next_step,True,True,launcher_skipped,0,0,0,0,1332.4108123779297,2.0208358764648438,0.0,0.0,0.0,0.0,1.0004043579101562,,,,False,False,False,False,False,,no_pending_plan,{},{},,False,False,,,False,,9.220386028289795,"The task is to find the duration of a climbing activity from October 15th in the OpenTracks app. The app is currently open, but the target activity is not visible on the screen. The next step is to scroll up to find it."
How_long_was_my_climbing_activity_October_15_in_the_OpenTracks__584bfe41,How long was my climbing activity October 15 in the OpenTracks app? Express your answer in minutes as a single integer.,10,baseline,0,0,0,False,False,no_prompt_hint,,"click@(777,199)",skipped_transaction_unsafe,parallel_independent_for_next_step,True,True,selected_candidate_transaction_unsafe,18,1,0,0,1266.0610675811768,29706.54559135437,0.0,0.0,0.0,0.0,28418.547868728638,,"level2,level1",,False,False,False,False,False,,no_pending_plan,{},{},,False,False,,,False,,35.08308792114258,"The task is to find the duration of a climbing activity from October 15th. The app is open, but the target activity is not visible on the current screen. The next step is to use the search function."
Is_the_note_titled_Travel_Itinerary_in_the_Joplin_app_marked_as_947ea02b,Is the note titled 'Travel Itinerary' in the Joplin app marked as a todo item? Respond with either 'True' if it is a todo or 'False' if not.,1,baseline,0,0,0,False,False,no_prompt_hint,,open_app,skipped,parallel_independent_for_next_step,True,True,launcher_skipped,0,0,0,0,956.8731784820557,1.9981861114501953,0.0,0.0,0.0,0.0,0.0,,,,False,False,False,False,False,,no_pending_plan,{},{},,False,False,,,False,,9.985487461090088,Recovered action from tool_call parser.
Is_the_note_titled_Travel_Itinerary_in_the_Joplin_app_marked_as_947ea02b,Is the note titled 'Travel Itinerary' in the Joplin app marked as a todo item? Respond with either 'True' if it is a todo or 'False' if not.,2,baseline,0,0,0,False,False,no_prompt_hint,,swipe,completed,parallel_independent_for_next_step,True,True,slot_gate_enabled:BOOLEAN_STATUS:search_missing_slots,24,12,12,0,2497.9233741760254,31638.704776763916,14399.585962295532,13793.64562034607,7.669925689697266,1.5175342559814453,29275.816440582275,True,"level1,level1,level1,level1,level1,level1,level1,level1,level1,level1,level1,level1",,False,False,False,False,False,,no_pending_plan,{},{},,False,False,,,False,,36.31562829017639,"I am searching for the 'Travel Itinerary' note in the Joplin app. It is not visible on the current screen, so I need to scroll down to find it."
Is_the_note_titled_Travel_Itinerary_in_the_Joplin_app_marked_as_947ea02b,Is the note titled 'Travel Itinerary' in the Joplin app marked as a todo item? Respond with either 'True' if it is a todo or 'False' if not.,3,baseline,0,0,0,False,False,no_prompt_hint,,"click@(66,197)",completed,parallel_independent_for_next_step,True,True,slot_gate_enabled:BOOLEAN_STATUS:search_missing_slots,11,9,12,0,1156.7323207855225,22717.889547348022,10918.577194213867,11056.164979934692,5.995988845825195,3.3140182495117188,21724.850177764893,True,"level1,level1,level1,level1,level1,level1,level1,level1,level1",,False,False,False,False,False,,no_pending_plan,{},{},,False,False,,,False,,28.239788055419922,I am searching for the 'Travel Itinerary' note in the Joplin app. I have scrolled down once but still haven't found it. I need to continue scrolling to locate the note.
Is_the_note_titled_Travel_Itinerary_in_the_Joplin_app_marked_as_947ea02b,Is the note titled 'Travel Itinerary' in the Joplin app marked as a todo item? Respond with either 'True' if it is a todo or 'False' if not.,4,baseline,0,0,0,False,False,no_prompt_hint,,"click@(882,190)",completed,parallel_independent_for_next_step,True,True,slot_gate_enabled:BOOLEAN_STATUS:search_missing_slots,24,12,12,0,2245.368719100952,26065.138578414917,13305.76777458191,13214.128494262695,6.6890716552734375,2.0291805267333984,23953.82046699524,True,"level1,level1,level1,level1,level1,level1,level1,level1,level1,level1,level1,level1",,False,False,False,False,False,,no_pending_plan,{},{},,False,False,,,False,,31.21330952644348,"I am searching for the 'Travel Itinerary' note in the Joplin app. After scrolling through the 'Projects' list without success, I will now use the search function to locate the note more efficiently."
Is_the_note_titled_Travel_Itinerary_in_the_Joplin_app_marked_as_947ea02b,Is the note titled 'Travel Itinerary' in the Joplin app marked as a todo item? Respond with either 'True' if it is a todo or 'False' if not.,5,baseline,0,0,0,False,False,no_prompt_hint,,wait,rollback_failed,parallel_independent_for_next_step,True,True,slot_gate_enabled:BOOLEAN_STATUS:search_missing_slots,13,12,12,0,2435.419797897339,27386.03949546814,1106.1506271362305,2024.629831314087,1.3179779052734375,2.1080970764160156,25052.7184009552,False,level2,,False,False,False,False,False,,no_pending_plan,{},{},,False,False,,,False,,34.43835258483887,Internal rollback-gate no-op; not added to prompt history.
Is_the_note_titled_Travel_Itinerary_in_the_Joplin_app_marked_as_947ea02b,Is the note titled 'Travel Itinerary' in the Joplin app marked as a todo item? Respond with either 'True' if it is a todo or 'False' if not.,6,baseline,0,0,0,False,False,no_prompt_hint,,open_app,skipped,parallel_independent_for_next_step,True,True,launcher_skipped,0,0,0,0,765.5260562896729,1.3086795806884766,0.0,0.0,0.0,0.0,0.0,,,,False,False,False,False,False,,no_pending_plan,{},{},,False,False,,,False,,9.344446420669556,"{'action': 'open_app', 'text': 'Joplin'}"
Is_the_note_titled_Travel_Itinerary_in_the_Joplin_app_marked_as_947ea02b,Is the note titled 'Travel Itinerary' in the Joplin app marked as a todo item? Respond with either 'True' if it is a todo or 'False' if not.,7,baseline,0,0,0,False,False,no_prompt_hint,,"click@(882,190)",completed,parallel_independent_for_next_step,True,True,slot_gate_enabled:BOOLEAN_STATUS:search_missing_slots,23,12,12,0,2264.38570022583,30844.68364715576,13815.124034881592,13447.652578353882,5.002021789550781,3.0357837677001953,28722.923517227173,True,"level1,level1,level1,level1,level1,level1,level1,level1,level1,level1,level1,level1",,False,False,False,False,False,,no_pending_plan,{},{},,False,False,,,False,,35.96486830711365,I am searching for the 'Travel Itinerary' note in the Joplin app. I am currently on the 'Projects' screen and will now use the search function to locate the note.
Is_the_note_titled_Travel_Itinerary_in_the_Joplin_app_marked_as_947ea02b,Is the note titled 'Travel Itinerary' in the Joplin app marked as a todo item? Respond with either 'True' if it is a todo or 'False' if not.,8,baseline,0,0,0,False,False,no_prompt_hint,,"click@(475,317)",skipped,parallel_independent_for_next_step,True,True,keyboard_visible,0,0,0,0,794.9385643005371,1.2636184692382812,0.0,0.0,0.0,0.0,0.0,,,,False,False,False,False,False,,no_pending_plan,{},{},,False,False,,,False,,7.019622087478638,"{'action': 'click', 'coordinate': [475, 317]}"
Is_the_note_titled_Travel_Itinerary_in_the_Joplin_app_marked_as_947ea02b,Is the note titled 'Travel Itinerary' in the Joplin app marked as a todo item? Respond with either 'True' if it is a todo or 'False' if not.,9,baseline,0,0,0,False,False,no_prompt_hint,,input_text,skipped,parallel_independent_for_next_step,True,True,keyboard_visible,0,0,0,0,1039.128065109253,0.0,0.0,0.0,0.0,0.0,0.0,,,,False,False,False,False,False,,no_pending_plan,{},{},,False,False,,,False,,5.393034219741821,I am searching for the 'Travel Itinerary' note in the Joplin app. I have opened the search interface and will now type the note's title to locate it.
Is_the_note_titled_Travel_Itinerary_in_the_Joplin_app_marked_as_947ea02b,Is the note titled 'Travel Itinerary' in the Joplin app marked as a todo item? Respond with either 'True' if it is a todo or 'False' if not.,10,baseline,0,0,0,False,False,no_prompt_hint,,status,completed,parallel_independent_for_next_step,True,True,slot_gate_enabled:BOOLEAN_STATUS:search_missing_slots,13,12,12,0,2462.2185230255127,29543.086528778076,14160.606145858765,13914.716243743896,7.7667236328125,1.9037723541259766,27267.820358276367,True,"level1,level1,level1,level1,level1,level1,level1,level1,level1,level1,level1,level1",,False,False,False,False,False,,no_pending_plan,{},{},,False,False,,,False,,33.42132925987244,"I have found the 'Travel Itinerary' note in the search results and confirmed it is not marked as a todo item, so I will complete the task and provide the answer."
Move_the_file_action_film.mp4_from_DCIM_within_the_sdk_gphone_x_18d9fc96,Move the file action_film.mp4 from DCIM within the sdk_gphone_x86_64 storage area to the Movies within the same sdk_gphone_x86_64 storage area in the Android filesystem.,1,baseline,0,0,0,False,False,no_prompt_hint,,open_app,skipped,parallel_independent_for_next_step,True,True,launcher_skipped,0,0,0,0,918.8497066497803,1.7685890197753906,0.0,0.0,0.0,0.0,0.0,,,,False,False,False,False,False,,no_pending_plan,{},{},,False,False,,,False,,10.017525434494019,任务目标是在 Android 系统中移动一个文件。当前在主屏幕，需要先打开文件管理器应用。
Move_the_file_action_film.mp4_from_DCIM_within_the_sdk_gphone_x_18d9fc96,Move the file action_film.mp4 from DCIM within the sdk_gphone_x86_64 storage area to the Movies within the same sdk_gphone_x86_64 storage area in the Android filesystem.,2,baseline,0,0,0,False,False,no_prompt_hint,,"click@(72,194)",completed,parallel_independent_for_next_step,True,True,slot_gate_enabled:NAVIGATION_SEARCH:navigation_search,8,8,12,3,2438.5645389556885,18915.425539016724,9021.078824996948,9257.88164138794,4.757404327392578,8.230924606323242,16619.06337738037,True,"level1,level1,level1,level1,level1,level1,level1,level1",,False,False,False,False,False,,no_pending_plan,{},{},,False,False,,,False,,24.09433913230896,任务目标是在 Android 系统中移动一个文件。目前已成功打开文件管理器，正准备通过导航菜单找到目标存储位置。
Move_the_file_action_film.mp4_from_DCIM_within_the_sdk_gphone_x_18d9fc96,Move the file action_film.mp4 from DCIM within the sdk_gphone_x86_64 storage area to the Movies within the same sdk_gphone_x86_64 storage area in the Android filesystem.,3,baseline_plus_exploration,1,8,7,True,False,evidence_only_hint,Search; Grid view; Images,"click@(355,1303)",completed,parallel_independent_for_next_step,True,True,slot_gate_enabled:NAVIGATION_SEARCH:navigation_search,17,12,12,3,1259.2792510986328,71209.4566822052,13704.280853271484,13158.663988113403,9.090662002563477,2.588033676147461,70079.83684539795,True,"level2,level2,level1,level2,level1,level1,level1,level1,level1,level1,level1,level1",,False,False,False,False,False,,no_pending_plan,{},{},,False,False,,,False,,78.98080778121948,任务目标是在 Android 系统中移动一个文件。目前已成功打开文件管理器，正准备进入目标存储位置 'sdk_gphone64_x86_64'。
Move_the_file_action_film.mp4_from_DCIM_within_the_sdk_gphone_x_18d9fc96,Move the file action_film.mp4 from DCIM within the sdk_gphone_x86_64 storage area to the Movies within the same sdk_gphone_x86_64 storage area in the Android filesystem.,4,baseline_plus_exploration,1,12,11,True,False,evidence_only_hint,Search; List view; files,"click@(72,190)",skipped,parallel_independent_for_next_step,True,True,slot_gate_disabled:NAVIGATION_SEARCH:target_visible_low_branching,0,0,0,0,1396.8350887298584,4.51207160949707,0.0,0.0,0.0,0.0,0.0,,,,False,False,False,False,False,,no_pending_plan,{},{},,False,False,,,False,,8.443047523498535,任务目标是在 Android 系统中移动一个文件。目前已打开文件管理器，但当前界面显示的是 'Images' 文件夹，需要导航到 'DCIM' 文件夹以找到目标文件。
Move_the_file_action_film.mp4_from_DCIM_within_the_sdk_gphone_x_18d9fc96,Move the file action_film.mp4 from DCIM within the sdk_gphone_x86_64 storage area to the Movies within the same sdk_gphone_x86_64 storage area in the Android filesystem.,5,baseline,0,0,0,False,False,no_prompt_hint,,"click@(355,1303)",completed,parallel_independent_for_next_step,True,True,slot_gate_enabled:NAVIGATION_SEARCH:navigation_search,13,12,12,3,1262.4013423919678,45681.44106864929,13491.07575416565,13358.979940414429,10.297775268554688,3.7534236907958984,44544.95120048523,True,"level1,level1,level2,level1,level1,level1,level1,level1,level1,level1,level1,level1",,False,False,False,False,False,,no_pending_plan,{},{},,False,False,,,False,,51.847668170928955,任务目标是在 Android 系统中移动一个文件。目前已成功打开文件管理器，正准备进入目标存储位置 'sdk_gphone64_x86_64' 以查找源文件。
Move_the_file_action_film.mp4_from_DCIM_within_the_sdk_gphone_x_18d9fc96,Move the file action_film.mp4 from DCIM within the sdk_gphone_x86_64 storage area to the Movies within the same sdk_gphone_x86_64 storage area in the Android filesystem.,6,baseline_plus_exploration,1,12,11,True,False,evidence_only_hint,Search; This week; Large files,wait,rollback_failed,parallel_independent_for_next_step,True,True,slot_gate_enabled:NAVIGATION_SEARCH:navigation_search,18,12,12,0,1415.7850742340088,33755.844831466675,2291.5616035461426,3082.8609466552734,3.5724639892578125,2.6476383209228516,32468.522310256958,False,"level1,level2",,False,False,False,False,False,,no_pending_plan,{},{},,False,False,,,False,,44.95753502845764,Internal rollback-gate no-op; not added to prompt history.
Move_the_file_action_film.mp4_from_DCIM_within_the_sdk_gphone_x_18d9fc96,Move the file action_film.mp4 from DCIM within the sdk_gphone_x86_64 storage area to the Movies within the same sdk_gphone_x86_64 storage area in the Android filesystem.,7,baseline,0,0,0,False,False,no_prompt_hint,,open_app,skipped,parallel_independent_for_next_step,True,True,launcher_skipped,0,0,0,0,1061.0182285308838,2.0477771759033203,0.0,0.0,0.0,0.0,0.0,,,,False,False,False,False,False,,no_pending_plan,{},{},,False,False,,,False,,10.436764478683472,任务目标是在 Android 系统中移动一个文件。当前在主屏幕，需要先打开文件管理器应用。
Move_the_file_action_film.mp4_from_DCIM_within_the_sdk_gphone_x_18d9fc96,Move the file action_film.mp4 from DCIM within the sdk_gphone_x86_64 storage area to the Movies within the same sdk_gphone_x86_64 storage area in the Android filesystem.,8,baseline,0,0,0,False,False,no_prompt_hint,,"click@(72,190)",completed,parallel_independent_for_next_step,True,True,slot_gate_enabled:NAVIGATION_SEARCH:navigation_search,8,8,12,3,1238.5356426239014,21186.67721748352,9491.551637649536,9557.844638824463,7.3394775390625,2.2690296173095703,20084.633350372314,True,"level1,level1,level1,level1,level1,level1,level1,level1",,False,False,False,False,False,,no_pending_plan,{},{},,False,False,,,False,,26.962799072265625,任务目标是在 Android 系统中移动一个文件。当前在文件管理器的 'Downloads' 文件夹，需要导航到 'sdk_gphone64_x86_64' 存储区以找到源文件。
Move_the_file_action_film.mp4_from_DCIM_within_the_sdk_gphone_x_18d9fc96,Move the file action_film.mp4 from DCIM within the sdk_gphone_x86_64 storage area to the Movies within the same sdk_gphone_x86_64 storage area in the Android filesystem.,9,baseline_plus_exploration,1,8,6,True,False,evidence_only_hint,Search; Videos; Documents,"click@(355,1303)",completed,parallel_independent_for_next_step,True,True,slot_gate_enabled:NAVIGATION_SEARCH:navigation_search,15,12,12,3,1349.1907119750977,31919.994115829468,13319.73934173584,13213.815927505493,10.871648788452148,2.465486526489258,30641.961812973022,True,"level1,level1,level1,level1,level1,level1,level1,level1,level1,level1,level1,level1",,False,False,False,False,False,,no_pending_plan,{},{},,False,False,,,False,,39.001694679260254,任务目标是在 Android 系统中移动一个文件。当前在文件管理器的侧边栏，需要进入 'sdk_gphone64_x86_64' 存储区以查找源文件。
Move_the_file_action_film.mp4_from_DCIM_within_the_sdk_gphone_x_18d9fc96,Move the file action_film.mp4 from DCIM within the sdk_gphone_x86_64 storage area to the Movies within the same sdk_gphone_x86_64 storage area in the Android filesystem.,10,baseline_plus_exploration,1,12,12,True,False,evidence_only_hint,Search; Grid view; Audio,"click@(72,190)",completed,parallel_independent_for_next_step,True,True,slot_gate_enabled:NAVIGATION_SEARCH:navigation_search,8,8,12,3,1469.3856239318848,20560.818433761597,8879.239797592163,9138.803482055664,7.936239242553711,2.0515918731689453,19187.64638900757,True,"level1,level1,level1,level1,level1,level1,level1,level1",,False,False,False,False,False,,no_pending_plan,{},{},,False,False,,,False,,28.36715006828308,任务目标是在 Android 系统中移动一个文件。当前在文件管理器的 'Downloads' 文件夹，需要导航到 'sdk_gphone64_x86_64' 存储区以找到源文件。
Move_the_file_action_film.mp4_from_DCIM_within_the_sdk_gphone_x_18d9fc96,Move the file action_film.mp4 from DCIM within the sdk_gphone_x86_64 storage area to the Movies within the same sdk_gphone_x86_64 storage area in the Android filesystem.,11,baseline_plus_exploration,1,8,7,True,False,evidence_only_hint,Search; List view; Images,"click@(355,1303)",completed,parallel_independent_for_next_step,True,True,slot_gate_enabled:NAVIGATION_SEARCH:navigation_search,13,12,12,3,1276.369333267212,71390.98501205444,13417.756080627441,13274.125337600708,7.322072982788086,4.047393798828125,70183.9005947113,True,"level2,level2,level1,level1,level1,level1,level1,level1,level1,level1,level1,level1",,False,False,False,False,False,,no_pending_plan,{},{},,False,False,,,False,,79.92496609687805,任务目标是在 Android 系统中移动一个文件。目前已打开文件管理器，正准备进入目标存储位置 'sdk_gphone64_x86_64' 以查找源文件。
Move_the_file_action_film.mp4_from_DCIM_within_the_sdk_gphone_x_18d9fc96,Move the file action_film.mp4 from DCIM within the sdk_gphone_x86_64 storage area to the Movies within the same sdk_gphone_x86_64 storage area in the Android filesystem.,12,baseline_plus_exploration,1,12,12,True,False,evidence_only_hint,Grid view; Search; Images,"click@(72,190)",skipped,parallel_independent_for_next_step,True,True,slot_gate_disabled:NAVIGATION_SEARCH:target_visible_low_branching,0,0,0,0,1208.2161903381348,5.115985870361328,0.0,0.0,0.0,0.0,0.0,,,,False,False,False,False,False,,no_pending_plan,{},{},,False,False,,,False,,8.54391598701477,任务目标是在 Android 系统中移动一个文件。目前已打开文件管理器，但当前界面显示的是 'Images' 文件夹，需要导航到 'DCIM' 文件夹以找到目标文件。
Move_the_file_action_film.mp4_from_DCIM_within_the_sdk_gphone_x_18d9fc96,Move the file action_film.mp4 from DCIM within the sdk_gphone_x86_64 storage area to the Movies within the same sdk_gphone_x86_64 storage area in the Android filesystem.,13,baseline,0,0,0,False,False,no_prompt_hint,,"click@(355,1303)",completed,parallel_independent_for_next_step,True,True,slot_gate_enabled:NAVIGATION_SEARCH:navigation_search,12,12,12,3,1846.531867980957,29976.47714614868,13681.833505630493,13572.94774055481,10.925531387329102,2.6531219482421875,28008.620023727417,True,"level1,level1,level1,level1,level1,level1,level1,level1,level1,level1,level1,level1",,False,False,False,False,False,,no_pending_plan,{},{},,False,False,,,False,,38.43214750289917,任务目标是在 Android 系统中移动一个文件。目前已打开文件管理器，正准备进入 'sdk_gphone64_x86_64' 存储区以查找源文件。
Move_the_file_action_film.mp4_from_DCIM_within_the_sdk_gphone_x_18d9fc96,Move the file action_film.mp4 from DCIM within the sdk_gphone_x86_64 storage area to the Movies within the same sdk_gphone_x86_64 storage area in the Android filesystem.,14,baseline_plus_exploration,1,12,12,True,False,evidence_only_hint,This week; Search; Large files,"click@(72,190)",skipped,parallel_independent_for_next_step,True,True,slot_gate_disabled:NAVIGATION_SEARCH:target_visible_low_branching,0,0,0,0,1325.0930309295654,2.513408660888672,0.0,0.0,0.0,0.0,0.0,,,,False,False,False,False,False,,no_pending_plan,{},{},,False,False,,,False,,8.01424527168274,任务目标是在 Android 系统中移动一个文件。目前已打开文件管理器，但当前界面显示的是 'Images' 文件夹，需要导航到 'sdk_gphone64_x86_64' 存储区以找到源文件。
Move_the_file_action_film.mp4_from_DCIM_within_the_sdk_gphone_x_18d9fc96,Move the file action_film.mp4 from DCIM within the sdk_gphone_x86_64 storage area to the Movies within the same sdk_gphone_x86_64 storage area in the Android filesystem.,15,baseline,0,0,0,False,False,no_prompt_hint,,"click@(355,1303)",completed,parallel_independent_for_next_step,True,True,slot_gate_enabled:NAVIGATION_SEARCH:navigation_search,12,12,12,3,1099.6818542480469,31296.106100082397,13484.505891799927,13343.13678741455,8.557558059692383,4.148006439208984,30344.908714294434,True,"level1,level1,level1,level1,level1,level1,level1,level1,level1,level1,level1,level1",,False,False,False,False,False,,no_pending_plan,{},{},,False,False,,,False,,37.948686838150024,"{'action': 'click', 'coordinate': [355, 1303]}"
Move_the_file_action_film.mp4_from_DCIM_within_the_sdk_gphone_x_18d9fc96,Move the file action_film.mp4 from DCIM within the sdk_gphone_x86_64 storage area to the Movies within the same sdk_gphone_x86_64 storage area in the Android filesystem.,16,baseline_plus_exploration,1,12,12,True,False,evidence_only_hint,This week; Search; files,"click@(72,190)",skipped,parallel_independent_for_next_step,True,True,slot_gate_disabled:NAVIGATION_SEARCH:target_visible_low_branching,0,0,0,0,1339.1661643981934,4.788398742675781,0.0,0.0,0.0,0.0,0.0,,,,False,False,False,False,False,,no_pending_plan,{},{},,False,False,,,False,,8.628955364227295,任务目标是在 Android 系统中移动一个文件。目前已打开文件管理器，但当前界面显示的是 'Images' 文件夹，需要导航到 'sdk_gphone64_x86_64' 存储区以找到源文件。
Move_the_file_action_film.mp4_from_DCIM_within_the_sdk_gphone_x_18d9fc96,Move the file action_film.mp4 from DCIM within the sdk_gphone_x86_64 storage area to the Movies within the same sdk_gphone_x86_64 storage area in the Android filesystem.,17,baseline,0,0,0,False,False,no_prompt_hint,,"click@(355,1303)",completed,parallel_independent_for_next_step,True,True,slot_gate_enabled:NAVIGATION_SEARCH:navigation_search,12,12,12,3,754.657506942749,30681.769609451294,13577.576637268066,13451.225996017456,9.280920028686523,3.6742687225341797,30041.33701324463,True,"level1,level1,level1,level1,level1,level1,level1,level1,level1,level1,level1,level1",,False,False,False,False,False,,no_pending_plan,{},{},,False,False,,,False,,37.4458110332489,"{'action': 'click', 'coordinate': [355, 1303]}"
Move_the_file_action_film.mp4_from_DCIM_within_the_sdk_gphone_x_18d9fc96,Move the file action_film.mp4 from DCIM within the sdk_gphone_x86_64 storage area to the Movies within the same sdk_gphone_x86_64 storage area in the Android filesystem.,18,baseline_plus_exploration,1,12,12,True,False,evidence_only_hint,This week; Search; files,"click@(72,190)",skipped,parallel_independent_for_next_step,True,True,slot_gate_disabled:NAVIGATION_SEARCH:target_visible_low_branching,0,0,0,0,1357.7911853790283,2.4013519287109375,0.0,0.0,0.0,0.0,0.0,,,,False,False,False,False,False,,no_pending_plan,{},{},,False,False,,,False,,8.559518814086914,任务目标是在 Android 系统中移动一个文件。目前已打开文件管理器，但当前界面显示的是 'Images' 文件夹，需要导航到 'sdk_gphone64_x86_64' 存储区以找到源文件。
Move_the_file_action_film.mp4_from_DCIM_within_the_sdk_gphone_x_18d9fc96,Move the file action_film.mp4 from DCIM within the sdk_gphone_x86_64 storage area to the Movies within the same sdk_gphone_x86_64 storage area in the Android filesystem.,19,baseline,0,0,0,False,False,no_prompt_hint,,"click@(383,1295)",completed,parallel_independent_for_next_step,True,True,slot_gate_enabled:NAVIGATION_SEARCH:navigation_search,12,12,12,3,1353.8844585418701,30652.5297164917,13802.100419998169,13776.897430419922,12.083768844604492,2.512216567993164,29442.537784576416,True,"level1,level1,level1,level1,level1,level1,level1,level1,level1,level1,level1,level1",,False,False,False,False,False,,no_pending_plan,{},{},,False,False,,,False,,37.24384331703186,任务目标是在 Android 系统中移动一个文件。目前已打开文件管理器，但当前界面显示的是 'Images' 文件夹，需要导航到 'sdk_gphone64_x86_64' 存储区以找到源文件。
Move_the_file_action_film.mp4_from_DCIM_within_the_sdk_gphone_x_18d9fc96,Move the file action_film.mp4 from DCIM within the sdk_gphone_x86_64 storage area to the Movies within the same sdk_gphone_x86_64 storage area in the Android filesystem.,20,baseline_plus_exploration,1,12,12,True,False,evidence_only_hint,This week; Search; files,"click@(72,190)",skipped,parallel_independent_for_next_step,True,True,slot_gate_disabled:NAVIGATION_SEARCH:target_visible_low_branching,0,0,0,0,1353.7054061889648,1.4524459838867188,0.0,0.0,0.0,0.0,0.0,,,,False,False,False,False,False,,no_pending_plan,{},{},,False,False,,,False,,8.697308778762817,任务目标是在 Android 系统中移动一个文件。目前已打开文件管理器，但当前界面显示的是 'Images' 文件夹，需要导航到 'sdk_gphone64_x86_64' 存储区以找到源文件。
Open_the_file_task.html_in_Downloads_in_the_file_manager_when_p_29665811,"Open the file task.html in Downloads in the file manager; when prompted open it with Chrome. Then navigate the X to the bottom-right cell, by using the direction buttons.",1,baseline,0,0,0,False,False,no_prompt_hint,,swipe,skipped,parallel_independent_for_next_step,True,True,launcher_skipped,0,0,0,0,1516.2699222564697,2.5038719177246094,0.0,0.0,0.0,0.0,0.0,,,,False,False,False,False,False,,no_pending_plan,{},{},,False,False,,,False,,7.152357816696167,Recovered action from tool_call parser.
Open_the_file_task.html_in_Downloads_in_the_file_manager_when_p_29665811,"Open the file task.html in Downloads in the file manager; when prompted open it with Chrome. Then navigate the X to the bottom-right cell, by using the direction buttons.",2,baseline,0,0,0,False,False,no_prompt_hint,,"click@(540,1245)",skipped,parallel_independent_for_next_step,True,True,launcher_skipped,0,0,0,0,1218.3027267456055,0.6103515625,0.0,0.0,0.0,0.0,0.0,,,,False,False,False,False,False,,no_pending_plan,{},{},,False,False,,,False,,5.967367887496948,"The task is to open a file in Chrome and navigate an 'X' to a specific cell. The first step is to open the file manager. The current screen shows the quick settings panel, which needs to be closed to access the home screen."
Open_the_file_task.html_in_Downloads_in_the_file_manager_when_p_29665811,"Open the file task.html in Downloads in the file manager; when prompted open it with Chrome. Then navigate the X to the bottom-right cell, by using the direction buttons.",3,baseline,0,0,0,False,False,no_prompt_hint,,swipe,skipped,parallel_independent_for_next_step,True,True,launcher_skipped,0,0,0,0,1366.2595748901367,0.606536865234375,0.0,0.0,0.0,0.0,0.0,,,,False,False,False,False,False,,no_pending_plan,{},{},,False,False,,,False,,4.393625020980835,"The task is to open a file in Chrome and navigate an 'X' to a specific cell. The first step is to open the file manager. The current screen shows the quick settings panel, which needs to be closed to access the home screen."
Open_the_file_task.html_in_Downloads_in_the_file_manager_when_p_29665811,"Open the file task.html in Downloads in the file manager; when prompted open it with Chrome. Then navigate the X to the bottom-right cell, by using the direction buttons.",4,baseline,0,0,0,False,False,no_prompt_hint,,swipe,skipped,parallel_independent_for_next_step,True,True,launcher_skipped,0,0,0,0,1502.3396015167236,0.0,0.0,0.0,0.0,0.0,0.0,,,,False,False,False,False,False,,no_pending_plan,{},{},,False,False,,,False,,6.015002489089966,"The task is to open a file in Chrome and navigate an 'X' to a specific cell. The first step is to open the file manager. The current screen is the home screen, and the next action is to open the app drawer to find the file manager app."
Open_the_file_task.html_in_Downloads_in_the_file_manager_when_p_29665811,"Open the file task.html in Downloads in the file manager; when prompted open it with Chrome. Then navigate the X to the bottom-right cell, by using the direction buttons.",5,baseline,0,0,0,False,False,no_prompt_hint,,"click@(174,1746)",skipped,parallel_independent_for_next_step,True,True,launcher_skipped,0,0,0,0,1267.3234939575195,0.0,0.0,0.0,0.0,0.0,0.0,,,,False,False,False,False,False,,no_pending_plan,{},{},,False,False,,,False,,6.171765089035034,"The task is to open a file in Chrome and navigate an 'X' to a specific cell. The first step is to open the file manager. The current screen shows the app drawer, and the next action is to open the 'Files' app."
Open_the_file_task.html_in_Downloads_in_the_file_manager_when_p_29665811,"Open the file task.html in Downloads in the file manager; when prompted open it with Chrome. Then navigate the X to the bottom-right cell, by using the direction buttons.",6,baseline,0,0,0,False,False,no_prompt_hint,,"click@(275,753)",completed,parallel_independent_for_next_step,True,True,slot_gate_enabled:NAVIGATION_SEARCH:search_missing_slots,9,9,12,0,1224.3595123291016,17599.108695983887,9975.088357925415,10242.295742034912,3.6334991455078125,4.202127456665039,16450.371265411377,True,"level1,level1,level1,level1,level1,level1,level1,level1,level1",,False,False,False,False,False,,no_pending_plan,{},{},,False,False,,,False,,23.672230005264282,The task is to open 'task.html' and navigate an 'X' in Chrome. I have successfully opened the file manager and located the 'task.html' file in the Downloads folder. The next step is to open this file.
Open_the_file_task.html_in_Downloads_in_the_file_manager_when_p_29665811,"Open the file task.html in Downloads in the file manager; when prompted open it with Chrome. Then navigate the X to the bottom-right cell, by using the direction buttons.",7,baseline,0,0,0,False,False,no_prompt_hint,,"click@(282,952)",completed,parallel_independent_for_next_step,True,True,slot_gate_enabled:NAVIGATION_SEARCH:search_missing_slots,9,9,12,0,1033.7095260620117,17942.886114120483,10024.218320846558,10260.41579246521,5.893230438232422,1.1091232299804688,16959.0003490448,True,"level1,level1,level1,level1,level1,level1,level1,level1,level1",,False,False,False,False,False,,no_pending_plan,{},{},,False,False,,,False,,22.80918788909912,I have successfully navigated to the Downloads folder and located the 'task.html' file. The next step is to open this file.
Open_the_file_task.html_in_Downloads_in_the_file_manager_when_p_29665811,"Open the file task.html in Downloads in the file manager; when prompted open it with Chrome. Then navigate the X to the bottom-right cell, by using the direction buttons.",8,baseline,0,0,0,False,False,no_prompt_hint,,"click@(275,753)",completed,parallel_independent_for_next_step,True,True,slot_gate_enabled:NAVIGATION_SEARCH:search_missing_slots,9,9,12,0,1073.5151767730713,18087.77117729187,9892.970323562622,10136.876583099365,6.18433952331543,2.1965503692626953,17124.326944351196,True,"level1,level1,level1,level1,level1,level1,level1,level1,level1",,False,False,False,False,False,,no_pending_plan,{},{},,False,False,,,False,,23.04157257080078,I have successfully navigated to the Downloads folder and located the 'task.html' file. The next step is to open this file to proceed with the task.
Open_the_file_task.html_in_Downloads_in_the_file_manager_when_p_29665811,"Open the file task.html in Downloads in the file manager; when prompted open it with Chrome. Then navigate the X to the bottom-right cell, by using the direction buttons.",9,baseline,0,0,0,False,False,no_prompt_hint,,"click@(282,952)",completed,parallel_independent_for_next_step,True,True,slot_gate_enabled:NAVIGATION_SEARCH:search_missing_slots,9,9,12,0,1086.836814880371,18411.632776260376,10394.963264465332,10230.587244033813,4.719972610473633,4.018068313598633,17427.619218826294,True,"level1,level1,level1,level1,level1,level1,level1,level1,level1",,False,False,False,False,False,,no_pending_plan,{},{},,False,False,,,False,,23.60752248764038,I have successfully navigated to the Downloads folder and located the 'task.html' file. The next step is to open this file to proceed with the task.
Open_the_file_task.html_in_Downloads_in_the_file_manager_when_p_29665811,"Open the file task.html in Downloads in the file manager; when prompted open it with Chrome. Then navigate the X to the bottom-right cell, by using the direction buttons.",10,baseline,0,0,0,False,False,no_prompt_hint,,"click@(282,938)",completed,parallel_independent_for_next_step,True,True,slot_gate_enabled:NAVIGATION_SEARCH:search_missing_slots,9,9,12,0,1112.443208694458,17502.545833587646,9918.423414230347,10151.334047317505,4.872322082519531,3.025054931640625,16489.232063293457,True,"level1,level1,level1,level1,level1,level1,level1,level1,level1",,False,False,False,False,False,,no_pending_plan,{},{},,False,False,,,False,,23.452955961227417,I have successfully navigated to the Downloads folder and located the 'task.html' file. The next step is to open this file to proceed with the task.
Open_the_file_task.html_in_Downloads_in_the_file_manager_when_p_29665811,"Open the file task.html in Downloads in the file manager; when prompted open it with Chrome. Then navigate the X to the bottom-right cell, by using the direction buttons.",11,baseline,0,0,0,False,False,no_prompt_hint,,"click@(282,938)",completed,parallel_independent_for_next_step,True,True,slot_gate_enabled:NAVIGATION_SEARCH:search_missing_slots,9,9,12,0,1087.7406597137451,22118.36004257202,12609.497547149658,12691.926956176758,4.680395126342773,2.5451183319091797,21146.810293197632,True,"level1,level1,level1,level1,level1,level1,level1,level1,level1",,False,False,False,False,False,,no_pending_plan,{},{},,False,False,,,False,,27.245505332946777,I have successfully navigated to the Downloads folder and located the 'task.html' file. The next step is to open this file to proceed with the task.
Open_the_file_task.html_in_Downloads_in_the_file_manager_when_p_29665811,"Open the file task.html in Downloads in the file manager; when prompted open it with Chrome. Then navigate the X to the bottom-right cell, by using the direction buttons.",12,baseline,0,0,0,False,False,no_prompt_hint,,"click@(275,938)",completed,parallel_independent_for_next_step,True,True,slot_gate_enabled:NAVIGATION_SEARCH:search_missing_slots,9,9,12,0,1088.2635116577148,23077.598094940186,13045.947551727295,13275.750637054443,4.400730133056641,6.386041641235352,22118.593454360962,True,"level1,level1,level1,level1,level1,level1,level1,level1,level1",,False,False,False,False,False,,no_pending_plan,{},{},,False,False,,,False,,28.761107444763184,I have successfully navigated to the Downloads folder and located the 'task.html' file. The next step is to open this file to proceed with the task.
Open_the_file_task.html_in_Downloads_in_the_file_manager_when_p_29665811,"Open the file task.html in Downloads in the file manager; when prompted open it with Chrome. Then navigate the X to the bottom-right cell, by using the direction buttons.",13,baseline,0,0,0,False,False,no_prompt_hint,,"click@(282,938)",completed,parallel_independent_for_next_step,True,True,slot_gate_enabled:NAVIGATION_SEARCH:search_missing_slots,9,9,12,0,1150.8309841156006,21649.66106414795,10781.58950805664,10660.602331161499,9.67097282409668,2.039194107055664,20656.33726119995,True,"level1,level1,level1,level1,level1,level1,level1,level1,level1",,False,False,False,False,False,,no_pending_plan,{},{},,False,False,,,False,,27.974722862243652,I have successfully navigated to the Downloads folder and located the 'task.html' file. The next step is to open this file to proceed with the task.
Open_the_file_task.html_in_Downloads_in_the_file_manager_when_p_29665811,"Open the file task.html in Downloads in the file manager; when prompted open it with Chrome. Then navigate the X to the bottom-right cell, by using the direction buttons.",14,baseline,0,0,0,False,False,no_prompt_hint,,"click@(275,938)",completed,parallel_independent_for_next_step,True,True,slot_gate_enabled:NAVIGATION_SEARCH:search_missing_slots,9,9,12,0,925.1163005828857,21226.222038269043,10371.55032157898,10480.492353439331,7.417440414428711,4.311800003051758,20437.491178512573,True,"level1,level1,level1,level1,level1,level1,level1,level1,level1",,False,False,False,False,False,,no_pending_plan,{},{},,False,False,,,False,,25.378485202789307,I have successfully navigated to the Downloads folder and located the 'task.html' file. The next step is to open this file to proceed with the task.
Open_the_file_task.html_in_Downloads_in_the_file_manager_when_p_29665811,"Open the file task.html in Downloads in the file manager; when prompted open it with Chrome. Then navigate the X to the bottom-right cell, by using the direction buttons.",15,baseline,0,0,0,False,False,no_prompt_hint,,"click@(275,950)",completed,parallel_independent_for_next_step,True,True,slot_gate_enabled:NAVIGATION_SEARCH:search_missing_slots,9,9,12,0,1131.542682647705,20959.508419036865,9942.588329315186,10121.342658996582,5.379438400268555,4.159688949584961,19961.177349090576,True,"level1,level1,level1,level1,level1,level1,level1,level1,level1",,False,False,False,False,False,,no_pending_plan,{},{},,False,False,,,False,,27.359805583953857,I have successfully navigated to the Downloads folder and located the 'task.html' file. The next step is to open this file to proceed with the task.
Open_the_file_task.html_in_Downloads_in_the_file_manager_when_p_29665811,"Open the file task.html in Downloads in the file manager; when prompted open it with Chrome. Then navigate the X to the bottom-right cell, by using the direction buttons.",16,baseline,0,0,0,False,False,no_prompt_hint,,"click@(275,938)",completed,parallel_independent_for_next_step,True,True,slot_gate_enabled:NAVIGATION_SEARCH:search_missing_slots,9,9,12,0,881.0977935791016,21195.811986923218,10568.192481994629,10520.98536491394,3.640890121459961,2.0270347595214844,20403.85603904724,True,"level1,level1,level1,level1,level1,level1,level1,level1,level1",,False,False,False,False,False,,no_pending_plan,{},{},,False,False,,,False,,25.04507088661194,I have successfully navigated to the Downloads folder and located the 'task.html' file. The next step is to open this file to proceed with the task.
Open_the_file_task.html_in_Downloads_in_the_file_manager_when_p_29665811,"Open the file task.html in Downloads in the file manager; when prompted open it with Chrome. Then navigate the X to the bottom-right cell, by using the direction buttons.",17,baseline,0,0,0,False,False,no_prompt_hint,,"click@(275,753)",completed,parallel_independent_for_next_step,True,True,slot_gate_enabled:NAVIGATION_SEARCH:search_missing_slots,9,9,12,0,1091.4497375488281,21660.937309265137,10613.932371139526,10802.036762237549,4.629850387573242,3.6001205444335938,20719.41590309143,True,"level1,level1,level1,level1,level1,level1,level1,level1,level1",,False,False,False,False,False,,no_pending_plan,{},{},,False,False,,,False,,26.762542009353638,I have successfully navigated to the Downloads folder and located the 'task.html' file. The next step is to open this file to proceed with the task.
Open_the_file_task.html_in_Downloads_in_the_file_manager_when_p_29665811,"Open the file task.html in Downloads in the file manager; when prompted open it with Chrome. Then navigate the X to the bottom-right cell, by using the direction buttons.",18,baseline,0,0,0,False,False,no_prompt_hint,,"click@(275,732)",completed,parallel_independent_for_next_step,True,True,slot_gate_enabled:NAVIGATION_SEARCH:search_missing_slots,9,9,12,0,1174.8583316802979,20447.721481323242,10610.140562057495,10710.917234420776,5.661964416503906,5.12242317199707,19385.096073150635,True,"level1,level1,level1,level1,level1,level1,level1,level1,level1",,False,False,False,False,False,,no_pending_plan,{},{},,False,False,,,False,,25.54321575164795,I have successfully navigated to the Downloads folder and located the 'task.html' file. The next step is to open this file to proceed with the task.
Open_the_file_task.html_in_Downloads_in_the_file_manager_when_p_29665811,"Open the file task.html in Downloads in the file manager; when prompted open it with Chrome. Then navigate the X to the bottom-right cell, by using the direction buttons.",19,baseline,0,0,0,False,False,no_prompt_hint,,"click@(275,732)",completed,parallel_independent_for_next_step,True,True,slot_gate_enabled:NAVIGATION_SEARCH:search_missing_slots,9,9,12,0,1121.636152267456,20514.885663986206,10107.498168945312,10276.074171066284,6.520271301269531,3.460407257080078,19499.84121322632,True,"level1,level1,level1,level1,level1,level1,level1,level1,level1",,False,False,False,False,False,,no_pending_plan,{},{},,False,False,,,False,,25.524167776107788,I have successfully navigated to the Downloads folder and located the 'task.html' file. The next step is to open this file to proceed with the task.
Open_the_file_task.html_in_Downloads_in_the_file_manager_when_p_29665811,"Open the file task.html in Downloads in the file manager; when prompted open it with Chrome. Then navigate the X to the bottom-right cell, by using the direction buttons.",20,baseline,0,0,0,False,False,no_prompt_hint,,"click@(275,753)",completed,parallel_independent_for_next_step,True,True,slot_gate_enabled:NAVIGATION_SEARCH:search_missing_slots,9,9,12,0,1168.421745300293,20811.429023742676,10165.29393196106,10282.663583755493,9.265661239624023,3.10516357421875,19770.3697681427,True,"level1,level1,level1,level1,level1,level1,level1,level1,level1",,False,False,False,False,False,,no_pending_plan,{},{},,False,False,,,False,,25.793697595596313,I have successfully navigated to the Downloads folder and located the 'task.html' file. The next step is to open this file to proceed with the task.
Open_the_file_task.html_in_Downloads_in_the_file_manager_when_p_3c9666e9,"Open the file task.html in Downloads in the file manager; when prompted open it with Chrome. Then click the button 5 times, remember the numbers displayed, and enter their product in the form.",1,baseline,0,0,0,False,False,no_prompt_hint,,open_app,skipped,parallel_independent_for_next_step,True,True,launcher_skipped,0,0,0,0,1015.977144241333,12.938499450683594,0.0,0.0,0.0,0.0,0.0,,,,False,False,False,False,False,,no_pending_plan,{},{},,False,False,,,False,,6.941919565200806,Open the File Manager app to begin the task.
Open_the_file_task.html_in_Downloads_in_the_file_manager_when_p_3c9666e9,"Open the file task.html in Downloads in the file manager; when prompted open it with Chrome. Then click the button 5 times, remember the numbers displayed, and enter their product in the form.",2,baseline,0,0,0,False,False,no_prompt_hint,,"click@(275,732)",skipped,parallel_independent_for_next_step,True,True,slot_gate_disabled:FORM_CREATE_EDIT:form_no_speculative_action,0,0,0,0,1369.1375255584717,3.515481948852539,0.0,0.0,0.0,0.0,0.0,,,,False,False,False,False,False,,no_pending_plan,{},{},,False,False,,,False,,6.229403972625732,Recovered action from tool_call parser.
Open_the_file_task.html_in_Downloads_in_the_file_manager_when_p_3c9666e9,"Open the file task.html in Downloads in the file manager; when prompted open it with Chrome. Then click the button 5 times, remember the numbers displayed, and enter their product in the form.",3,baseline,0,0,0,False,False,no_prompt_hint,,"click@(275,753)",skipped,parallel_independent_for_next_step,True,True,slot_gate_disabled:FORM_CREATE_EDIT:form_no_speculative_action,0,0,0,0,993.842363357544,2.6140213012695312,0.0,0.0,0.0,0.0,0.0,,,,False,False,False,False,False,,no_pending_plan,{},{},,False,False,,,False,,7.046615839004517,I have successfully navigated to the Downloads folder and located the 'task.html' file. The next step is to open this file.
Open_the_file_task.html_in_Downloads_in_the_file_manager_when_p_3c9666e9,"Open the file task.html in Downloads in the file manager; when prompted open it with Chrome. Then click the button 5 times, remember the numbers displayed, and enter their product in the form.",4,baseline,0,0,0,False,False,no_prompt_hint,,"click@(275,732)",skipped,parallel_independent_for_next_step,True,True,slot_gate_disabled:FORM_CREATE_EDIT:form_no_speculative_action,0,0,0,0,748.0828762054443,4.649877548217773,0.0,0.0,0.0,0.0,0.0,,,,False,False,False,False,False,,no_pending_plan,{},{},,False,False,,,False,,4.604033946990967,I have successfully located the 'task.html' file in the Downloads folder. The next step is to open this file to proceed with the task.
Open_the_file_task.html_in_Downloads_in_the_file_manager_when_p_3c9666e9,"Open the file task.html in Downloads in the file manager; when prompted open it with Chrome. Then click the button 5 times, remember the numbers displayed, and enter their product in the form.",5,baseline,0,0,0,False,False,no_prompt_hint,,"click@(275,732)",skipped,parallel_independent_for_next_step,True,True,slot_gate_disabled:FORM_CREATE_EDIT:form_no_speculative_action,0,0,0,0,739.6068572998047,2.9685497283935547,0.0,0.0,0.0,0.0,0.0,,,,False,False,False,False,False,,no_pending_plan,{},{},,False,False,,,False,,4.4801788330078125,I have successfully located the 'task.html' file in the Downloads folder. The next step is to open this file to proceed with the task.
Open_the_file_task.html_in_Downloads_in_the_file_manager_when_p_3c9666e9,"Open the file task.html in Downloads in the file manager; when prompted open it with Chrome. Then click the button 5 times, remember the numbers displayed, and enter their product in the form.",6,baseline,0,0,0,False,False,no_prompt_hint,,"click@(275,732)",skipped,parallel_independent_for_next_step,True,True,slot_gate_disabled:FORM_CREATE_EDIT:form_no_speculative_action,0,0,0,0,753.7944316864014,3.1337738037109375,0.0,0.0,0.0,0.0,0.0,,,,False,False,False,False,False,,no_pending_plan,{},{},,False,False,,,False,,5.053959608078003,I have successfully located the 'task.html' file in the Downloads folder. The next step is to open this file to proceed with the task.
Open_the_file_task.html_in_Downloads_in_the_file_manager_when_p_3c9666e9,"Open the file task.html in Downloads in the file manager; when prompted open it with Chrome. Then click the button 5 times, remember the numbers displayed, and enter their product in the form.",7,baseline,0,0,0,False,False,no_prompt_hint,,"click@(275,753)",skipped,parallel_independent_for_next_step,True,True,slot_gate_disabled:FORM_CREATE_EDIT:form_no_speculative_action,0,0,0,0,1001.8420219421387,2.756357192993164,0.0,0.0,0.0,0.0,0.0,,,,False,False,False,False,False,,no_pending_plan,{},{},,False,False,,,False,,7.998683214187622,I have successfully located the 'task.html' file in the Downloads folder. The next step is to open this file to proceed with the task.
Open_the_file_task.html_in_Downloads_in_the_file_manager_when_p_3c9666e9,"Open the file task.html in Downloads in the file manager; when prompted open it with Chrome. Then click the button 5 times, remember the numbers displayed, and enter their product in the form.",8,baseline,0,0,0,False,False,no_prompt_hint,,"click@(275,734)",skipped,parallel_independent_for_next_step,True,True,slot_gate_disabled:FORM_CREATE_EDIT:form_no_speculative_action,0,0,0,0,764.6117210388184,3.0946731567382812,0.0,0.0,0.0,0.0,0.0,,,,False,False,False,False,False,,no_pending_plan,{},{},,False,False,,,False,,5.081306219100952,I have successfully located the 'task.html' file in the Downloads folder. The next step is to open this file to proceed with the task.
Open_the_file_task.html_in_Downloads_in_the_file_manager_when_p_3c9666e9,"Open the file task.html in Downloads in the file manager; when prompted open it with Chrome. Then click the button 5 times, remember the numbers displayed, and enter their product in the form.",9,baseline,0,0,0,False,False,no_prompt_hint,,"click@(275,734)",skipped,parallel_independent_for_next_step,True,True,slot_gate_disabled:FORM_CREATE_EDIT:form_no_speculative_action,0,0,0,0,748.2292652130127,2.999544143676758,0.0,0.0,0.0,0.0,0.0,,,,False,False,False,False,False,,no_pending_plan,{},{},,False,False,,,False,,4.556860446929932,I have successfully located the 'task.html' file in the Downloads folder. The next step is to open this file to proceed with the task.
Open_the_file_task.html_in_Downloads_in_the_file_manager_when_p_3c9666e9,"Open the file task.html in Downloads in the file manager; when prompted open it with Chrome. Then click the button 5 times, remember the numbers displayed, and enter their product in the form.",10,baseline,0,0,0,False,False,no_prompt_hint,,"click@(275,732)",skipped,parallel_independent_for_next_step,True,True,slot_gate_disabled:FORM_CREATE_EDIT:form_no_speculative_action,0,0,0,0,754.5154094696045,4.41741943359375,0.0,0.0,0.0,0.0,0.0,,,,False,False,False,False,False,,no_pending_plan,{},{},,False,False,,,False,,4.544903039932251,I have successfully located the 'task.html' file in the Downloads folder. The next step is to open this file to proceed with the task.
Open_the_file_task.html_in_Downloads_in_the_file_manager_when_p_3c9666e9,"Open the file task.html in Downloads in the file manager; when prompted open it with Chrome. Then click the button 5 times, remember the numbers displayed, and enter their product in the form.",11,baseline,0,0,0,False,False,no_prompt_hint,,"click@(275,732)",skipped,parallel_independent_for_next_step,True,True,slot_gate_disabled:FORM_CREATE_EDIT:form_no_speculative_action,0,0,0,0,763.434886932373,4.102468490600586,0.0,0.0,0.0,0.0,0.0,,,,False,False,False,False,False,,no_pending_plan,{},{},,False,False,,,False,,5.018040180206299,I have successfully located the 'task.html' file in the Downloads folder. The next step is to open this file to proceed with the task.
Open_the_file_task.html_in_Downloads_in_the_file_manager_when_p_3c9666e9,"Open the file task.html in Downloads in the file manager; when prompted open it with Chrome. Then click the button 5 times, remember the numbers displayed, and enter their product in the form.",12,baseline,0,0,0,False,False,no_prompt_hint,,"click@(275,732)",skipped,parallel_independent_for_next_step,True,True,slot_gate_disabled:FORM_CREATE_EDIT:form_no_speculative_action,0,0,0,0,1032.2859287261963,3.4966468811035156,0.0,0.0,0.0,0.0,0.0,,,,False,False,False,False,False,,no_pending_plan,{},{},,False,False,,,False,,5.871082305908203,I have successfully located the 'task.html' file in the Downloads folder. The next step is to open this file to proceed with the task.
Open_the_file_task.html_in_Downloads_in_the_file_manager_when_p_3c9666e9,"Open the file task.html in Downloads in the file manager; when prompted open it with Chrome. Then click the button 5 times, remember the numbers displayed, and enter their product in the form.",13,baseline,0,0,0,False,False,no_prompt_hint,,"click@(275,732)",skipped,parallel_independent_for_next_step,True,True,slot_gate_disabled:FORM_CREATE_EDIT:form_no_speculative_action,0,0,0,0,761.5082263946533,1.2063980102539062,0.0,0.0,0.0,0.0,0.0,,,,False,False,False,False,False,,no_pending_plan,{},{},,False,False,,,False,,4.577796697616577,I have successfully located the 'task.html' file in the Downloads folder. The next step is to open this file to proceed with the task.
Open_the_file_task.html_in_Downloads_in_the_file_manager_when_p_3c9666e9,"Open the file task.html in Downloads in the file manager; when prompted open it with Chrome. Then click the button 5 times, remember the numbers displayed, and enter their product in the form.",14,baseline,0,0,0,False,False,no_prompt_hint,,"click@(275,732)",skipped,parallel_independent_for_next_step,True,True,slot_gate_disabled:FORM_CREATE_EDIT:form_no_speculative_action,0,0,0,0,1047.9812622070312,2.016782760620117,0.0,0.0,0.0,0.0,0.0,,,,False,False,False,False,False,,no_pending_plan,{},{},,False,False,,,False,,6.652158975601196,I have successfully located the 'task.html' file in the Downloads folder. The next step is to open this file to proceed with the task.
Open_the_file_task.html_in_Downloads_in_the_file_manager_when_p_3c9666e9,"Open the file task.html in Downloads in the file manager; when prompted open it with Chrome. Then click the button 5 times, remember the numbers displayed, and enter their product in the form.",15,baseline,0,0,0,False,False,no_prompt_hint,,"click@(275,732)",skipped,parallel_independent_for_next_step,True,True,slot_gate_disabled:FORM_CREATE_EDIT:form_no_speculative_action,0,0,0,0,762.9814147949219,2.5055408477783203,0.0,0.0,0.0,0.0,0.0,,,,False,False,False,False,False,,no_pending_plan,{},{},,False,False,,,False,,4.554196119308472,I have successfully located the 'task.html' file in the Downloads folder. The next step is to open this file to proceed with the task.
Open_the_file_task.html_in_Downloads_in_the_file_manager_when_p_3c9666e9,"Open the file task.html in Downloads in the file manager; when prompted open it with Chrome. Then click the button 5 times, remember the numbers displayed, and enter their product in the form.",16,baseline,0,0,0,False,False,no_prompt_hint,,"click@(275,732)",skipped,parallel_independent_for_next_step,True,True,slot_gate_disabled:FORM_CREATE_EDIT:form_no_speculative_action,0,0,0,0,767.2407627105713,1.2934207916259766,0.0,0.0,0.0,0.0,0.0,,,,False,False,False,False,False,,no_pending_plan,{},{},,False,False,,,False,,6.833048105239868,I have successfully located the 'task.html' file in the Downloads folder. The next step is to open this file to proceed with the task.
Open_the_file_task.html_in_Downloads_in_the_file_manager_when_p_3c9666e9,"Open the file task.html in Downloads in the file manager; when prompted open it with Chrome. Then click the button 5 times, remember the numbers displayed, and enter their product in the form.",17,baseline,0,0,0,False,False,no_prompt_hint,,"click@(275,732)",skipped,parallel_independent_for_next_step,True,True,slot_gate_disabled:FORM_CREATE_EDIT:form_no_speculative_action,0,0,0,0,761.6276741027832,3.0090808868408203,0.0,0.0,0.0,0.0,0.0,,,,False,False,False,False,False,,no_pending_plan,{},{},,False,False,,,False,,6.690264940261841,I have successfully located the 'task.html' file in the Downloads folder. The next step is to open this file to proceed with the task.
Open_the_file_task.html_in_Downloads_in_the_file_manager_when_p_3c9666e9,"Open the file task.html in Downloads in the file manager; when prompted open it with Chrome. Then click the button 5 times, remember the numbers displayed, and enter their product in the form.",18,baseline,0,0,0,False,False,no_prompt_hint,,"click@(275,732)",skipped,parallel_independent_for_next_step,True,True,slot_gate_disabled:FORM_CREATE_EDIT:form_no_speculative_action,0,0,0,0,764.0185356140137,1.5110969543457031,0.0,0.0,0.0,0.0,0.0,,,,False,False,False,False,False,,no_pending_plan,{},{},,False,False,,,False,,4.51408052444458,I have successfully located the 'task.html' file in the Downloads folder. The next step is to open this file to proceed with the task.
Open_the_file_task.html_in_Downloads_in_the_file_manager_when_p_3c9666e9,"Open the file task.html in Downloads in the file manager; when prompted open it with Chrome. Then click the button 5 times, remember the numbers displayed, and enter their product in the form.",19,baseline,0,0,0,False,False,no_prompt_hint,,"click@(540,760)",skipped,parallel_independent_for_next_step,True,True,slot_gate_disabled:FORM_CREATE_EDIT:form_no_speculative_action,0,0,0,0,1044.3601608276367,2.5336742401123047,0.0,0.0,0.0,0.0,0.0,,,,False,False,False,False,False,,no_pending_plan,{},{},,False,False,,,False,,6.1540234088897705,I have successfully located the 'task.html' file in the Downloads folder. The next step is to open this file to proceed with the task.
Open_the_file_task.html_in_Downloads_in_the_file_manager_when_p_3c9666e9,"Open the file task.html in Downloads in the file manager; when prompted open it with Chrome. Then click the button 5 times, remember the numbers displayed, and enter their product in the form.",20,baseline,0,0,0,False,False,no_prompt_hint,,"click@(540,763)",skipped,parallel_independent_for_next_step,True,True,slot_gate_disabled:FORM_CREATE_EDIT:form_no_speculative_action,0,0,0,0,801.377534866333,2.001047134399414,0.0,0.0,0.0,0.0,0.0,,,,False,False,False,False,False,,no_pending_plan,{},{},,False,False,,,False,,4.518481254577637,I have successfully located the 'task.html' file in the Downloads folder. The next step is to open this file to proceed with the task.
Open_the_file_task.html_in_Downloads_in_the_file_manager_when_p_8bd7123f,Open the file task.html in Downloads in the file manager; when prompted open it with Chrome. Then create a drawing using the three colors shown at the top and hit submit.,1,baseline,0,0,0,False,False,no_prompt_hint,,swipe,skipped,parallel_independent_for_next_step,True,True,launcher_skipped,0,0,0,0,1372.8890419006348,1.4796257019042969,0.0,0.0,0.0,0.0,0.0,,,,False,False,False,False,False,,no_pending_plan,{},{},,False,False,,,False,,7.0801262855529785,Recovered action from tool_call parser.
Open_the_file_task.html_in_Downloads_in_the_file_manager_when_p_8bd7123f,Open the file task.html in Downloads in the file manager; when prompted open it with Chrome. Then create a drawing using the three colors shown at the top and hit submit.,2,baseline,0,0,0,False,False,no_prompt_hint,,open_app,skipped,parallel_independent_for_next_step,True,True,launcher_skipped,0,0,0,0,1028.9387702941895,1.5058517456054688,0.0,0.0,0.0,0.0,0.0,,,,False,False,False,False,False,,no_pending_plan,{},{},,False,False,,,False,,6.347230672836304,"The task is to open a specific HTML file from the Downloads folder, open it with Chrome, and complete a drawing task. The first step is to open the file manager."
Open_the_file_task.html_in_Downloads_in_the_file_manager_when_p_8bd7123f,Open the file task.html in Downloads in the file manager; when prompted open it with Chrome. Then create a drawing using the three colors shown at the top and hit submit.,3,baseline,0,0,0,False,False,no_prompt_hint,,swipe,skipped,parallel_independent_for_next_step,True,True,slot_gate_disabled:FORM_CREATE_EDIT:form_no_speculative_action,0,0,0,0,1121.9756603240967,1.1653900146484375,0.0,0.0,0.0,0.0,0.0,,,,False,False,False,False,False,,no_pending_plan,{},{},,False,False,,,False,,4.258697986602783,"The task is to open a specific HTML file from the Downloads folder, open it with Chrome, and complete a drawing task. The first step is to open the file manager. The current action is to close the quick settings panel to access the home screen."
Open_the_file_task.html_in_Downloads_in_the_file_manager_when_p_8bd7123f,Open the file task.html in Downloads in the file manager; when prompted open it with Chrome. Then create a drawing using the three colors shown at the top and hit submit.,4,baseline,0,0,0,False,False,no_prompt_hint,,"click@(275,753)",skipped,parallel_independent_for_next_step,True,True,slot_gate_disabled:FORM_CREATE_EDIT:form_no_speculative_action,0,0,0,0,1161.2510681152344,2.7294158935546875,0.0,0.0,0.0,0.0,0.0,,,,False,False,False,False,False,,no_pending_plan,{},{},,False,False,,,False,,5.967822551727295,"The task is to open 'task.html' from the Downloads folder, open it with Chrome, and complete a drawing. The file manager is open, and the next step is to select the 'task.html' file."
Open_the_file_task.html_in_Downloads_in_the_file_manager_when_p_8bd7123f,Open the file task.html in Downloads in the file manager; when prompted open it with Chrome. Then create a drawing using the three colors shown at the top and hit submit.,5,baseline,0,0,0,False,False,no_prompt_hint,,"click@(275,736)",skipped,parallel_independent_for_next_step,True,True,slot_gate_disabled:FORM_CREATE_EDIT:form_no_speculative_action,0,0,0,0,910.9668731689453,1.5075206756591797,0.0,0.0,0.0,0.0,0.0,,,,False,False,False,False,False,,no_pending_plan,{},{},,False,False,,,False,,6.781596899032593,"The task is to open 'task.html' from the Downloads folder, open it with Chrome, and complete a drawing. The file manager is open, and the next step is to select the 'task.html' file."
Open_the_file_task.html_in_Downloads_in_the_file_manager_when_p_8bd7123f,Open the file task.html in Downloads in the file manager; when prompted open it with Chrome. Then create a drawing using the three colors shown at the top and hit submit.,6,baseline,0,0,0,False,False,no_prompt_hint,,"click@(275,732)",skipped,parallel_independent_for_next_step,True,True,slot_gate_disabled:FORM_CREATE_EDIT:form_no_speculative_action,0,0,0,0,912.5092029571533,2.5205612182617188,0.0,0.0,0.0,0.0,0.0,,,,False,False,False,False,False,,no_pending_plan,{},{},,False,False,,,False,,4.575946807861328,"The task is to open 'task.html' from the Downloads folder, open it with Chrome, and complete a drawing. The file manager is open, and the next step is to select the 'task.html' file."
Open_the_file_task.html_in_Downloads_in_the_file_manager_when_p_8bd7123f,Open the file task.html in Downloads in the file manager; when prompted open it with Chrome. Then create a drawing using the three colors shown at the top and hit submit.,7,baseline,0,0,0,False,False,no_prompt_hint,,"click@(275,732)",skipped,parallel_independent_for_next_step,True,True,slot_gate_disabled:FORM_CREATE_EDIT:form_no_speculative_action,0,0,0,0,935.9242916107178,1.0213851928710938,0.0,0.0,0.0,0.0,0.0,,,,False,False,False,False,False,,no_pending_plan,{},{},,False,False,,,False,,4.968165874481201,"The task is to open 'task.html' from the Downloads folder, open it with Chrome, and complete a drawing. The file manager is open, and the next step is to select the 'task.html' file."
Open_the_file_task.html_in_Downloads_in_the_file_manager_when_p_8bd7123f,Open the file task.html in Downloads in the file manager; when prompted open it with Chrome. Then create a drawing using the three colors shown at the top and hit submit.,8,baseline,0,0,0,False,False,no_prompt_hint,,"click@(275,732)",skipped,parallel_independent_for_next_step,True,True,slot_gate_disabled:FORM_CREATE_EDIT:form_no_speculative_action,0,0,0,0,1025.6595611572266,1.1401176452636719,0.0,0.0,0.0,0.0,0.0,,,,False,False,False,False,False,,no_pending_plan,{},{},,False,False,,,False,,221.84003114700317,"The task is to open 'task.html' from the Downloads folder, open it with Chrome, and complete a drawing. The file manager is open, and the next step is to select the 'task.html' file."
Open_the_file_task.html_in_Downloads_in_the_file_manager_when_p_8bd7123f,Open the file task.html in Downloads in the file manager; when prompted open it with Chrome. Then create a drawing using the three colors shown at the top and hit submit.,9,baseline,0,0,0,False,False,no_prompt_hint,,"click@(275,753)",skipped,parallel_independent_for_next_step,True,True,slot_gate_disabled:FORM_CREATE_EDIT:form_no_speculative_action,0,0,0,0,1186.4116191864014,1.619100570678711,0.0,0.0,0.0,0.0,0.0,,,,False,False,False,False,False,,no_pending_plan,{},{},,False,False,,,False,,6.2582433223724365,"The task is to open 'task.html' from the Downloads folder, open it with Chrome, and complete a drawing. The file manager is open, and the next step is to select the 'task.html' file."
Open_the_file_task.html_in_Downloads_in_the_file_manager_when_p_8bd7123f,Open the file task.html in Downloads in the file manager; when prompted open it with Chrome. Then create a drawing using the three colors shown at the top and hit submit.,10,baseline,0,0,0,False,False,no_prompt_hint,,"click@(275,753)",skipped,parallel_independent_for_next_step,True,True,slot_gate_disabled:FORM_CREATE_EDIT:form_no_speculative_action,0,0,0,0,930.0398826599121,1.5060901641845703,0.0,0.0,0.0,0.0,0.0,,,,False,False,False,False,False,,no_pending_plan,{},{},,False,False,,,False,,4.67582106590271,"The task is to open 'task.html' from the Downloads folder, open it with Chrome, and complete a drawing. The file manager is open, and the next step is to select the 'task.html' file."
Open_the_file_task.html_in_Downloads_in_the_file_manager_when_p_8bd7123f,Open the file task.html in Downloads in the file manager; when prompted open it with Chrome. Then create a drawing using the three colors shown at the top and hit submit.,11,baseline,0,0,0,False,False,no_prompt_hint,,"click@(275,732)",skipped,parallel_independent_for_next_step,True,True,slot_gate_disabled:FORM_CREATE_EDIT:form_no_speculative_action,0,0,0,0,962.8570079803467,1.5590190887451172,0.0,0.0,0.0,0.0,0.0,,,,False,False,False,False,False,,no_pending_plan,{},{},,False,False,,,False,,4.992809534072876,"The task is to open 'task.html' from the Downloads folder, open it with Chrome, and complete a drawing. The file manager is open, and the next step is to select the 'task.html' file."
Open_the_file_task.html_in_Downloads_in_the_file_manager_when_p_8bd7123f,Open the file task.html in Downloads in the file manager; when prompted open it with Chrome. Then create a drawing using the three colors shown at the top and hit submit.,12,baseline,0,0,0,False,False,no_prompt_hint,,"click@(274,732)",skipped,parallel_independent_for_next_step,True,True,slot_gate_disabled:FORM_CREATE_EDIT:form_no_speculative_action,0,0,0,0,1185.1098537445068,2.011537551879883,0.0,0.0,0.0,0.0,0.0,,,,False,False,False,False,False,,no_pending_plan,{},{},,False,False,,,False,,6.091186285018921,"The task is to open 'task.html' from the Downloads folder, open it with Chrome, and complete a drawing. The file manager is open, and the next step is to select the 'task.html' file."
Open_the_file_task.html_in_Downloads_in_the_file_manager_when_p_8bd7123f,Open the file task.html in Downloads in the file manager; when prompted open it with Chrome. Then create a drawing using the three colors shown at the top and hit submit.,13,baseline,0,0,0,False,False,no_prompt_hint,,"click@(274,732)",skipped,parallel_independent_for_next_step,True,True,slot_gate_disabled:FORM_CREATE_EDIT:form_no_speculative_action,0,0,0,0,938.5628700256348,2.0189285278320312,0.0,0.0,0.0,0.0,0.0,,,,False,False,False,False,False,,no_pending_plan,{},{},,False,False,,,False,,4.708977937698364,"The task is to open 'task.html' from the Downloads folder, open it with Chrome, and complete a drawing. The file manager is open, and the next step is to select the 'task.html' file."
Open_the_file_task.html_in_Downloads_in_the_file_manager_when_p_8bd7123f,Open the file task.html in Downloads in the file manager; when prompted open it with Chrome. Then create a drawing using the three colors shown at the top and hit submit.,14,baseline,0,0,0,False,False,no_prompt_hint,,"click@(274,732)",skipped,parallel_independent_for_next_step,True,True,slot_gate_disabled:FORM_CREATE_EDIT:form_no_speculative_action,0,0,0,0,1186.5606307983398,1.0609626770019531,0.0,0.0,0.0,0.0,0.0,,,,False,False,False,False,False,,no_pending_plan,{},{},,False,False,,,False,,6.169561147689819,"The task is to open 'task.html' from the Downloads folder, open it with Chrome, and complete a drawing. The file manager is open, and the next step is to select the 'task.html' file."
Open_the_file_task.html_in_Downloads_in_the_file_manager_when_p_8bd7123f,Open the file task.html in Downloads in the file manager; when prompted open it with Chrome. Then create a drawing using the three colors shown at the top and hit submit.,15,baseline,0,0,0,False,False,no_prompt_hint,,"click@(274,732)",skipped,parallel_independent_for_next_step,True,True,slot_gate_disabled:FORM_CREATE_EDIT:form_no_speculative_action,0,0,0,0,937.7942085266113,2.02178955078125,0.0,0.0,0.0,0.0,0.0,,,,False,False,False,False,False,,no_pending_plan,{},{},,False,False,,,False,,4.895387649536133,"The task is to open 'task.html' from the Downloads folder, open it with Chrome, and complete a drawing. The file manager is open, and the next step is to select the 'task.html' file."
Open_the_file_task.html_in_Downloads_in_the_file_manager_when_p_8bd7123f,Open the file task.html in Downloads in the file manager; when prompted open it with Chrome. Then create a drawing using the three colors shown at the top and hit submit.,16,baseline,0,0,0,False,False,no_prompt_hint,,"click@(274,732)",skipped,parallel_independent_for_next_step,True,True,slot_gate_disabled:FORM_CREATE_EDIT:form_no_speculative_action,0,0,0,0,972.4259376525879,1.4040470123291016,0.0,0.0,0.0,0.0,0.0,,,,False,False,False,False,False,,no_pending_plan,{},{},,False,False,,,False,,4.560991287231445,"The task is to open 'task.html' from the Downloads folder, open it with Chrome, and complete a drawing. The file manager is open, and the next step is to select the 'task.html' file."
Open_the_file_task.html_in_Downloads_in_the_file_manager_when_p_8bd7123f,Open the file task.html in Downloads in the file manager; when prompted open it with Chrome. Then create a drawing using the three colors shown at the top and hit submit.,17,baseline,0,0,0,False,False,no_prompt_hint,,"click@(274,732)",skipped,parallel_independent_for_next_step,True,True,slot_gate_disabled:FORM_CREATE_EDIT:form_no_speculative_action,0,0,0,0,933.0167770385742,1.5442371368408203,0.0,0.0,0.0,0.0,0.0,,,,False,False,False,False,False,,no_pending_plan,{},{},,False,False,,,False,,4.6742072105407715,"The task is to open 'task.html' from the Downloads folder, open it with Chrome, and complete a drawing. The file manager is open, and the next step is to select the 'task.html' file."
Open_the_file_task.html_in_Downloads_in_the_file_manager_when_p_8bd7123f,Open the file task.html in Downloads in the file manager; when prompted open it with Chrome. Then create a drawing using the three colors shown at the top and hit submit.,18,baseline,0,0,0,False,False,no_prompt_hint,,"click@(275,732)",skipped,parallel_independent_for_next_step,True,True,slot_gate_disabled:FORM_CREATE_EDIT:form_no_speculative_action,0,0,0,0,933.9258670806885,0.5049705505371094,0.0,0.0,0.0,0.0,0.0,,,,False,False,False,False,False,,no_pending_plan,{},{},,False,False,,,False,,4.588148593902588,"The task is to open 'task.html' from the Downloads folder, open it with Chrome, and complete a drawing. The file manager is open, and the next step is to select the 'task.html' file."
Open_the_file_task.html_in_Downloads_in_the_file_manager_when_p_8bd7123f,Open the file task.html in Downloads in the file manager; when prompted open it with Chrome. Then create a drawing using the three colors shown at the top and hit submit.,19,baseline,0,0,0,False,False,no_prompt_hint,,"click@(275,732)",skipped,parallel_independent_for_next_step,True,True,slot_gate_disabled:FORM_CREATE_EDIT:form_no_speculative_action,0,0,0,0,972.6109504699707,4.119157791137695,0.0,0.0,0.0,0.0,0.0,,,,False,False,False,False,False,,no_pending_plan,{},{},,False,False,,,False,,4.776872634887695,"The task is to open 'task.html' from the Downloads folder, open it with Chrome, and complete a drawing. The file manager is open, and the next step is to select the 'task.html' file."
Open_the_file_task.html_in_Downloads_in_the_file_manager_when_p_8bd7123f,Open the file task.html in Downloads in the file manager; when prompted open it with Chrome. Then create a drawing using the three colors shown at the top and hit submit.,20,baseline,0,0,0,False,False,no_prompt_hint,,"click@(275,732)",skipped,parallel_independent_for_next_step,True,True,slot_gate_disabled:FORM_CREATE_EDIT:form_no_speculative_action,0,0,0,0,1187.1097087860107,3.0558109283447266,0.0,0.0,0.0,0.0,0.0,,,,False,False,False,False,False,,no_pending_plan,{},{},,False,False,,,False,,7.070611238479614,"The task is to open 'task.html' from the Downloads folder, open it with Chrome, and complete a drawing. The file manager is open, and the next step is to select the 'task.html' file."
Record_an_audio_clip_and_save_it_with_name_2023_05_05_roundtabl_cf4e20ef,"Record an audio clip and save it with name ""2023_05_05_roundtable.m4a"" using Audio Recorder app.",1,baseline,0,0,0,False,False,no_prompt_hint,,open_app,skipped,parallel_independent_for_next_step,True,True,launcher_skipped,0,0,0,0,1158.4923267364502,1.1191368103027344,0.0,0.0,0.0,0.0,0.0,,,,False,False,False,False,False,,no_pending_plan,{},{},,False,False,,,False,,6.687734603881836,Recovered action from tool_call parser.
Record_an_audio_clip_and_save_it_with_name_2023_05_05_roundtabl_cf4e20ef,"Record an audio clip and save it with name ""2023_05_05_roundtable.m4a"" using Audio Recorder app.",2,baseline,0,0,0,False,False,no_prompt_hint,,"click@(540,2150)",skipped,parallel_independent_for_next_step,True,True,slot_gate_disabled:MEDIA_CAPTURE:media_capture_no_speculation,0,0,0,0,1024.2273807525635,1.1172294616699219,0.0,0.0,0.0,0.0,0.0,,,,False,False,False,False,False,,no_pending_plan,{},{},,False,False,,,False,,5.863890647888184,"The task is to record and save an audio clip. The Audio Recorder app has been opened, and the next step is to start the recording process."
Record_an_audio_clip_and_save_it_with_name_2023_05_05_roundtabl_cf4e20ef,"Record an audio clip and save it with name ""2023_05_05_roundtable.m4a"" using Audio Recorder app.",3,baseline,0,0,0,False,False,no_prompt_hint,,"click@(806,2248)",skipped,parallel_independent_for_next_step,True,True,slot_gate_disabled:MEDIA_CAPTURE:media_capture_no_speculation,0,0,0,0,958.7271213531494,2.255678176879883,0.0,0.0,0.0,0.0,0.0,,,,False,False,False,False,False,,no_pending_plan,{},{},,False,False,,,False,,6.919269323348999,The task is to record and save an audio clip. The app is currently on the setup screen. The next step is to apply the settings and proceed to the recording interface.
Record_an_audio_clip_and_save_it_with_name_2023_05_05_roundtabl_cf4e20ef,"Record an audio clip and save it with name ""2023_05_05_roundtable.m4a"" using Audio Recorder app.",4,baseline,0,0,0,False,False,no_prompt_hint,,"click@(464,1418)",skipped,parallel_independent_for_next_step,True,True,slot_gate_disabled:MEDIA_CAPTURE:media_capture_no_speculation,0,0,0,0,1156.2488079071045,1.0154247283935547,0.0,0.0,0.0,0.0,0.0,,,,False,False,False,False,False,,no_pending_plan,{},{},,False,False,,,False,,7.023724794387817,"The task is to record and save an audio clip. The app is open, but a warning dialog about deleted or moved records is currently displayed. The next step is to dismiss this dialog to proceed with recording."
Record_an_audio_clip_and_save_it_with_name_2023_05_05_roundtabl_cf4e20ef,"Record an audio clip and save it with name ""2023_05_05_roundtable.m4a"" using Audio Recorder app.",5,baseline,0,0,0,False,False,no_prompt_hint,,"click@(540,2183)",skipped,parallel_independent_for_next_step,True,True,slot_gate_disabled:MEDIA_CAPTURE:media_capture_no_speculation,0,0,0,0,998.9042282104492,1.1348724365234375,0.0,0.0,0.0,0.0,0.0,,,,False,False,False,False,False,,no_pending_plan,{},{},,False,False,,,False,,5.773251295089722,The task is to record and save an audio clip. The app is open and ready for recording. The next step is to start the recording.
Record_an_audio_clip_and_save_it_with_name_2023_05_05_roundtabl_cf4e20ef,"Record an audio clip and save it with name ""2023_05_05_roundtable.m4a"" using Audio Recorder app.",6,baseline,0,0,0,False,False,no_prompt_hint,,"click@(742,2181)",skipped,parallel_independent_for_next_step,True,True,slot_gate_disabled:MEDIA_CAPTURE:media_capture_no_speculation,0,0,0,0,1024.362564086914,2.021312713623047,0.0,0.0,0.0,0.0,0.0,,,,False,False,False,False,False,,no_pending_plan,{},{},,False,False,,,False,,9.678581237792969,"The task is to record and save an audio clip. The app is currently recording, and the next step is to stop the recording to proceed with saving it."
Record_an_audio_clip_and_save_it_with_name_2023_05_05_roundtabl_cf4e20ef,"Record an audio clip and save it with name ""2023_05_05_roundtable.m4a"" using Audio Recorder app.",7,baseline,0,0,0,False,False,no_prompt_hint,,"click@(540,2183)",skipped,parallel_independent_for_next_step,True,True,slot_gate_disabled:MEDIA_CAPTURE:media_capture_no_speculation,0,0,0,0,1262.5422477722168,1.615285873413086,0.0,0.0,0.0,0.0,0.0,,,,False,False,False,False,False,,no_pending_plan,{},{},,False,False,,,False,,8.296002864837646,"The task is to record and save an audio clip. The app is open, and the recording has been stopped. The next step is to rename the file to '2023_05_05_roundtable.m4a' and save it."
Record_an_audio_clip_and_save_it_with_name_2023_05_05_roundtabl_cf4e20ef,"Record an audio clip and save it with name ""2023_05_05_roundtable.m4a"" using Audio Recorder app.",8,baseline,0,0,0,False,False,no_prompt_hint,,"click@(742,2181)",skipped,parallel_independent_for_next_step,True,True,slot_gate_disabled:MEDIA_CAPTURE:media_capture_no_speculation,0,0,0,0,1033.9126586914062,2.533435821533203,0.0,0.0,0.0,0.0,0.0,,,,False,False,False,False,False,,no_pending_plan,{},{},,False,False,,,False,,9.45890474319458,"The task is to record and save an audio clip. The app is currently recording, and the next step is to stop the recording to proceed with saving it."
Record_an_audio_clip_and_save_it_with_name_2023_05_05_roundtabl_cf4e20ef,"Record an audio clip and save it with name ""2023_05_05_roundtable.m4a"" using Audio Recorder app.",9,baseline,0,0,0,False,False,no_prompt_hint,,"click@(540,2183)",skipped,parallel_independent_for_next_step,True,True,slot_gate_disabled:MEDIA_CAPTURE:media_capture_no_speculation,0,0,0,0,1266.7570114135742,1.1293888092041016,0.0,0.0,0.0,0.0,0.0,,,,False,False,False,False,False,,no_pending_plan,{},{},,False,False,,,False,,6.033812046051025,"The task is to record and save an audio clip. The app is open, and the recording has been stopped. The next step is to rename the file to '2023_05_05_roundtable.m4a' and save it."
Record_an_audio_clip_and_save_it_with_name_2023_05_05_roundtabl_cf4e20ef,"Record an audio clip and save it with name ""2023_05_05_roundtable.m4a"" using Audio Recorder app.",10,baseline,0,0,0,False,False,no_prompt_hint,,"click@(742,2181)",skipped,parallel_independent_for_next_step,True,True,slot_gate_disabled:MEDIA_CAPTURE:media_capture_no_speculation,0,0,0,0,1054.9957752227783,1.5056133270263672,0.0,0.0,0.0,0.0,0.0,,,,False,False,False,False,False,,no_pending_plan,{},{},,False,False,,,False,,9.39350152015686,"The task is to record and save an audio clip. The app is currently recording, and the next step is to stop the recording to proceed with saving it."
Record_an_audio_clip_and_save_it_with_name_2023_05_05_roundtabl_cf4e20ef,"Record an audio clip and save it with name ""2023_05_05_roundtable.m4a"" using Audio Recorder app.",11,baseline,0,0,0,False,False,no_prompt_hint,,"click@(540,2183)",skipped,parallel_independent_for_next_step,True,True,slot_gate_disabled:MEDIA_CAPTURE:media_capture_no_speculation,0,0,0,0,2175.7242679595947,2.8510093688964844,0.0,0.0,0.0,0.0,0.0,,,,False,False,False,False,False,,no_pending_plan,{},{},,False,False,,,False,,6.9896557331085205,The task is to record and save an audio clip. The app is open and ready for recording. The next step is to start the recording.
Record_an_audio_clip_and_save_it_with_name_2023_05_05_roundtabl_cf4e20ef,"Record an audio clip and save it with name ""2023_05_05_roundtable.m4a"" using Audio Recorder app.",12,baseline,0,0,0,False,False,no_prompt_hint,,"click@(742,2181)",skipped,parallel_independent_for_next_step,True,True,slot_gate_disabled:MEDIA_CAPTURE:media_capture_no_speculation,0,0,0,0,1062.0090961456299,2.5098323822021484,0.0,0.0,0.0,0.0,0.0,,,,False,False,False,False,False,,no_pending_plan,{},{},,False,False,,,False,,8.760812282562256,"The task is to record and save an audio clip. The app is currently recording, and the next step is to stop the recording to proceed with saving it."
Record_an_audio_clip_and_save_it_with_name_2023_05_05_roundtabl_cf4e20ef,"Record an audio clip and save it with name ""2023_05_05_roundtable.m4a"" using Audio Recorder app.",13,baseline,0,0,0,False,False,no_prompt_hint,,"click@(540,2183)",skipped,parallel_independent_for_next_step,True,True,slot_gate_disabled:MEDIA_CAPTURE:media_capture_no_speculation,0,0,0,0,1296.0433959960938,0.9653568267822266,0.0,0.0,0.0,0.0,0.0,,,,False,False,False,False,False,,no_pending_plan,{},{},,False,False,,,False,,6.023742914199829,"The task is to record and save an audio clip. The app is open, and the recording has been stopped. The next step is to rename the file to '2023_05_05_roundtable.m4a' and save it."
Record_an_audio_clip_and_save_it_with_name_2023_05_05_roundtabl_cf4e20ef,"Record an audio clip and save it with name ""2023_05_05_roundtable.m4a"" using Audio Recorder app.",14,baseline,0,0,0,False,False,no_prompt_hint,,"click@(742,2181)",skipped,parallel_independent_for_next_step,True,True,slot_gate_disabled:MEDIA_CAPTURE:media_capture_no_speculation,0,0,0,0,1058.9954853057861,3.014802932739258,0.0,0.0,0.0,0.0,0.0,,,,False,False,False,False,False,,no_pending_plan,{},{},,False,False,,,False,,8.823553085327148,"The task is to record and save an audio clip. The app is currently recording, and the next step is to stop the recording to proceed with saving it."
Record_an_audio_clip_and_save_it_with_name_2023_05_05_roundtabl_cf4e20ef,"Record an audio clip and save it with name ""2023_05_05_roundtable.m4a"" using Audio Recorder app.",15,baseline,0,0,0,False,False,no_prompt_hint,,"click@(540,2183)",skipped,parallel_independent_for_next_step,True,True,slot_gate_disabled:MEDIA_CAPTURE:media_capture_no_speculation,0,0,0,0,1275.1104831695557,1.5065670013427734,0.0,0.0,0.0,0.0,0.0,,,,False,False,False,False,False,,no_pending_plan,{},{},,False,False,,,False,,6.2202465534210205,"The task is to record and save an audio clip. The app is open, and the recording has been stopped. The next step is to rename the file to '2023_05_05_roundtable.m4a' and save it."
Record_an_audio_clip_and_save_it_with_name_2023_05_05_roundtabl_cf4e20ef,"Record an audio clip and save it with name ""2023_05_05_roundtable.m4a"" using Audio Recorder app.",16,baseline,0,0,0,False,False,no_prompt_hint,,"click@(742,2181)",skipped,parallel_independent_for_next_step,True,True,slot_gate_disabled:MEDIA_CAPTURE:media_capture_no_speculation,0,0,0,0,1075.056552886963,1.0709762573242188,0.0,0.0,0.0,0.0,0.0,,,,False,False,False,False,False,,no_pending_plan,{},{},,False,False,,,False,,8.821343660354614,"The task is to record and save an audio clip. The app is currently recording, and the next step is to stop the recording to proceed with saving it."
Record_an_audio_clip_and_save_it_with_name_2023_05_05_roundtabl_cf4e20ef,"Record an audio clip and save it with name ""2023_05_05_roundtable.m4a"" using Audio Recorder app.",17,baseline,0,0,0,False,False,no_prompt_hint,,"click@(540,2183)",skipped,parallel_independent_for_next_step,True,True,slot_gate_disabled:MEDIA_CAPTURE:media_capture_no_speculation,0,0,0,0,1280.3328037261963,1.0461807250976562,0.0,0.0,0.0,0.0,0.0,,,,False,False,False,False,False,,no_pending_plan,{},{},,False,False,,,False,,8.321724891662598,"The task is to record and save an audio clip. The app is open, and the recording has been stopped. The next step is to rename the file to '2023_05_05_roundtable.m4a' and save it."
Record_an_audio_clip_and_save_it_with_name_2023_05_05_roundtabl_cf4e20ef,"Record an audio clip and save it with name ""2023_05_05_roundtable.m4a"" using Audio Recorder app.",18,baseline,0,0,0,False,False,no_prompt_hint,,"click@(742,2181)",skipped,parallel_independent_for_next_step,True,True,slot_gate_disabled:MEDIA_CAPTURE:media_capture_no_speculation,0,0,0,0,1060.0299835205078,5.584001541137695,0.0,0.0,0.0,0.0,0.0,,,,False,False,False,False,False,,no_pending_plan,{},{},,False,False,,,False,,8.767379760742188,"The task is to record and save an audio clip. The app is currently recording, and the next step is to stop the recording to proceed with saving it."
Record_an_audio_clip_and_save_it_with_name_2023_05_05_roundtabl_cf4e20ef,"Record an audio clip and save it with name ""2023_05_05_roundtable.m4a"" using Audio Recorder app.",19,baseline,0,0,0,False,False,no_prompt_hint,,"click@(540,2183)",skipped,parallel_independent_for_next_step,True,True,slot_gate_disabled:MEDIA_CAPTURE:media_capture_no_speculation,0,0,0,0,1275.0215530395508,1.0001659393310547,0.0,0.0,0.0,0.0,0.0,,,,False,False,False,False,False,,no_pending_plan,{},{},,False,False,,,False,,5.994066953659058,"The task is to record and save an audio clip. The app is open, and the recording has been stopped. The next step is to rename the file to '2023_05_05_roundtable.m4a' and save it."
Record_an_audio_clip_and_save_it_with_name_2023_05_05_roundtabl_cf4e20ef,"Record an audio clip and save it with name ""2023_05_05_roundtable.m4a"" using Audio Recorder app.",20,baseline,0,0,0,False,False,no_prompt_hint,,"click@(742,2181)",skipped,parallel_independent_for_next_step,True,True,slot_gate_disabled:MEDIA_CAPTURE:media_capture_no_speculation,0,0,0,0,1059.3905448913574,2.22015380859375,0.0,0.0,0.0,0.0,0.0,,,,False,False,False,False,False,,no_pending_plan,{},{},,False,False,,,False,,8.633718252182007,"The task is to record and save an audio clip. The app is currently recording, and the next step is to stop the recording to proceed with saving it."
Record_an_audio_clip_using_Audio_Recorder_app_and_save_it_51068baf,Record an audio clip using Audio Recorder app and save it.,1,baseline,0,0,0,False,False,no_prompt_hint,,open_app,skipped,parallel_independent_for_next_step,True,True,launcher_skipped,0,0,0,0,890.0003433227539,0.99945068359375,0.0,0.0,0.0,0.0,0.0,,,,False,False,False,False,False,,no_pending_plan,{},{},,False,False,,,False,,6.485312223434448,Recovered action from tool_call parser.
Record_an_audio_clip_using_Audio_Recorder_app_and_save_it_51068baf,Record an audio clip using Audio Recorder app and save it.,2,baseline,0,0,0,False,False,no_prompt_hint,,"click@(540,2150)",skipped,parallel_independent_for_next_step,True,True,slot_gate_disabled:MEDIA_CAPTURE:media_capture_no_speculation,0,0,0,0,592.7293300628662,1.0640621185302734,0.0,0.0,0.0,0.0,0.0,,,,False,False,False,False,False,,no_pending_plan,{},{},,False,False,,,False,,5.510426759719849,"The task is to record and save an audio clip. The Audio Recorder app has been opened, and the next step is to start the recording process."
Record_an_audio_clip_using_Audio_Recorder_app_and_save_it_51068baf,Record an audio clip using Audio Recorder app and save it.,3,baseline,0,0,0,False,False,no_prompt_hint,,"click@(806,2248)",skipped,parallel_independent_for_next_step,True,True,slot_gate_disabled:MEDIA_CAPTURE:media_capture_no_speculation,0,0,0,0,1076.2395858764648,1.1129379272460938,0.0,0.0,0.0,0.0,0.0,,,,False,False,False,False,False,,no_pending_plan,{},{},,False,False,,,False,,7.102793455123901,"The task is to record and save an audio clip. The Audio Recorder app is open, and the current step is to configure the recording settings on the setup screen."
Record_an_audio_clip_using_Audio_Recorder_app_and_save_it_51068baf,Record an audio clip using Audio Recorder app and save it.,4,baseline,0,0,0,False,False,no_prompt_hint,,"click@(540,2183)",skipped,parallel_independent_for_next_step,True,True,slot_gate_disabled:MEDIA_CAPTURE:media_capture_no_speculation,0,0,0,0,1006.6170692443848,1.0979175567626953,0.0,0.0,0.0,0.0,1.340627670288086,,,,False,False,False,False,False,,no_pending_plan,{},{},,False,False,,,False,,6.978938102722168,"The task is to record and save an audio clip. The Audio Recorder app is open, and the next step is to start the recording process."
Record_an_audio_clip_using_Audio_Recorder_app_and_save_it_51068baf,Record an audio clip using Audio Recorder app and save it.,5,baseline,0,0,0,False,False,no_prompt_hint,,"click@(742,2181)",skipped,parallel_independent_for_next_step,True,True,slot_gate_disabled:MEDIA_CAPTURE:media_capture_no_speculation,0,0,0,0,1034.3801975250244,1.0173320770263672,0.0,0.0,0.0,0.0,0.0,,,,False,False,False,False,False,,no_pending_plan,{},{},,False,False,,,False,,9.315141201019287,"The task is to record and save an audio clip. The app is currently recording, and the next step is to stop the recording to proceed with saving it."
Record_an_audio_clip_using_Audio_Recorder_app_and_save_it_51068baf,Record an audio clip using Audio Recorder app and save it.,6,baseline,0,0,0,False,False,no_prompt_hint,,"click@(540,2183)",skipped,parallel_independent_for_next_step,True,True,slot_gate_disabled:MEDIA_CAPTURE:media_capture_no_speculation,0,0,0,0,1073.56858253479,1.0268688201904297,0.0,0.0,0.0,0.0,0.0,,,,False,False,False,False,False,,no_pending_plan,{},{},,False,False,,,False,,6.027675628662109,"The task is to record and save an audio clip. The app is open, and the recording has been stopped. The next step is to save the recorded clip."
Record_an_audio_clip_using_Audio_Recorder_app_and_save_it_51068baf,Record an audio clip using Audio Recorder app and save it.,7,baseline,0,0,0,False,False,no_prompt_hint,,"click@(742,2181)",skipped,parallel_independent_for_next_step,True,True,slot_gate_disabled:MEDIA_CAPTURE:media_capture_no_speculation,0,0,0,0,1049.9742031097412,2.624034881591797,0.0,0.0,0.0,0.0,0.0,,,,False,False,False,False,False,,no_pending_plan,{},{},,False,False,,,False,,8.75557255744934,"The task is to record and save an audio clip. The app is currently recording, and the next step is to stop the recording to proceed with saving it."
Record_an_audio_clip_using_Audio_Recorder_app_and_save_it_51068baf,Record an audio clip using Audio Recorder app and save it.,8,baseline,0,0,0,False,False,no_prompt_hint,,"click@(540,2183)",skipped,parallel_independent_for_next_step,True,True,slot_gate_disabled:MEDIA_CAPTURE:media_capture_no_speculation,0,0,0,0,1072.899341583252,1.6241073608398438,0.0,0.0,0.0,0.0,0.0,,,,False,False,False,False,False,,no_pending_plan,{},{},,False,False,,,False,,5.980934143066406,"The task is to record and save an audio clip. The app is open, and the recording has been stopped. The next step is to save the recorded clip."
Record_an_audio_clip_using_Audio_Recorder_app_and_save_it_51068baf,Record an audio clip using Audio Recorder app and save it.,9,baseline,0,0,0,False,False,no_prompt_hint,,"click@(742,2181)",skipped,parallel_independent_for_next_step,True,True,slot_gate_disabled:MEDIA_CAPTURE:media_capture_no_speculation,0,0,0,0,1071.5641975402832,2.0933151245117188,0.0,0.0,0.0,0.0,0.0,,,,False,False,False,False,False,,no_pending_plan,{},{},,False,False,,,False,,8.831295251846313,"The task is to record and save an audio clip. The app is currently recording, and the next step is to stop the recording to proceed with saving it."
Record_an_audio_clip_using_Audio_Recorder_app_and_save_it_51068baf,Record an audio clip using Audio Recorder app and save it.,10,baseline,0,0,0,False,False,no_prompt_hint,,"click@(686,1874)",skipped,parallel_independent_for_next_step,True,True,slot_gate_disabled:MEDIA_CAPTURE:media_capture_no_speculation,0,0,0,0,2318.6469078063965,0.0,0.0,0.0,0.0,0.0,0.0,,,,False,False,False,False,False,,no_pending_plan,{},{},,False,False,,,False,,7.290927171707153,"The task is to record and save an audio clip. The app is open, and a recording has been made and stopped. The current step is to save the recorded clip."
Record_an_audio_clip_using_Audio_Recorder_app_and_save_it_51068baf,Record an audio clip using Audio Recorder app and save it.,11,baseline,0,0,0,False,False,no_prompt_hint,,"click@(819,1324)",skipped,parallel_independent_for_next_step,True,True,keyboard_visible,0,0,0,0,1168.0517196655273,0.0,0.0,0.0,0.0,0.0,0.0,,,,False,False,False,False,False,,no_pending_plan,{},{},,False,False,,,False,,7.15588903427124,"The task is to record and save an audio clip. The app is open, a recording has been made and stopped, and the save dialog is currently displayed. The next step is to confirm the save."
Record_an_audio_clip_using_Audio_Recorder_app_and_save_it_51068baf,Record an audio clip using Audio Recorder app and save it.,12,baseline,0,0,0,False,False,no_prompt_hint,,status,skipped,parallel_independent_for_next_step,True,True,slot_gate_disabled:MEDIA_CAPTURE:media_capture_no_speculation,0,0,0,0,531.5861701965332,1.1179447174072266,0.0,0.0,0.0,0.0,0.0,,,,False,False,False,False,False,,no_pending_plan,{},{},,False,False,,,False,,4.223208904266357,"{'action': 'terminate', 'status': 'success', 'return_text': '我已成功使用Audio Recorder应用录制并保存了一段音频片段。'}"
Run_the_stopwatch_85b018ca,Run the stopwatch.,1,baseline,0,0,0,False,False,no_prompt_hint,,swipe,skipped,parallel_independent_for_next_step,True,True,launcher_skipped,0,0,0,0,1565.887451171875,0.7145404815673828,0.0,0.0,0.0,0.0,0.0,,,,False,False,False,False,False,,no_pending_plan,{},{},,False,False,,,False,,7.503907680511475,Recovered action from tool_call parser.
Run_the_stopwatch_85b018ca,Run the stopwatch.,2,baseline,0,0,0,False,False,no_prompt_hint,,swipe,skipped,parallel_independent_for_next_step,True,True,launcher_skipped,0,0,0,0,1067.3091411590576,1.1317729949951172,0.0,0.0,0.0,0.0,0.0,,,,False,False,False,False,False,,no_pending_plan,{},{},,False,False,,,False,,5.6325364112854,The task is to run the stopwatch. The current action is to open the app drawer to find the Clock app.
Run_the_stopwatch_85b018ca,Run the stopwatch.,3,baseline,0,0,0,False,False,no_prompt_hint,,open_app,skipped,parallel_independent_for_next_step,True,True,launcher_skipped,0,0,0,0,717.9625034332275,0.0,0.0,0.0,0.0,0.0,0.0,,,,False,False,False,False,False,,no_pending_plan,{},{},,False,False,,,False,,6.442208766937256,The task is to run the stopwatch. The current action is to open the Clock app to access the stopwatch feature.
Run_the_stopwatch_85b018ca,Run the stopwatch.,4,baseline,0,0,0,False,False,no_prompt_hint,,"click@(753,2200)",skipped,parallel_independent_for_next_step,True,True,slot_gate_disabled:SIMPLE_VERIFY_OPEN:obvious_simple,0,0,0,0,1895.9174156188965,3.0379295349121094,0.0,0.0,0.0,0.0,0.0,,,,False,False,False,False,False,,no_pending_plan,{},{},,False,False,,,False,,7.908404111862183,The task is to run the stopwatch. The Clock app has been successfully opened. The next step is to navigate to the Stopwatch section.
Run_the_stopwatch_85b018ca,Run the stopwatch.,5,baseline,0,0,0,False,False,no_prompt_hint,,"click@(540,1955)",skipped,parallel_independent_for_next_step,True,True,slot_gate_disabled:SIMPLE_VERIFY_OPEN:obvious_simple,0,0,0,0,1620.9716796875,5.1555633544921875,0.0,0.0,0.0,0.0,0.0,,,,False,False,False,False,False,,no_pending_plan,{},{},,False,False,,,False,,6.789741277694702,The task is to run the stopwatch. I have successfully navigated to the stopwatch screen. The next step is to start the timer.
Run_the_stopwatch_85b018ca,Run the stopwatch.,6,baseline,0,0,0,False,False,no_prompt_hint,,status,skipped,parallel_independent_for_next_step,True,True,slot_gate_disabled:SIMPLE_VERIFY_OPEN:obvious_simple,0,0,0,0,1830.5270671844482,3.5071372985839844,0.0,0.0,0.0,0.0,0.0,,,,False,False,False,False,False,,no_pending_plan,{},{},,False,False,,,False,,6.6425676345825195,The task was to run the stopwatch. The stopwatch has been successfully started and is currently running.
Take_one_photo_e76e6616,Take one photo.,1,baseline,0,0,0,False,False,no_prompt_hint,,open_app,skipped,parallel_independent_for_next_step,True,True,launcher_skipped,0,0,0,0,954.5636177062988,1.1951923370361328,0.0,0.0,0.0,0.0,0.0,,,,False,False,False,False,False,,no_pending_plan,{},{},,False,False,,,False,,7.970464706420898,任务目标是拍一张照片。当前在手机主屏幕，准备打开相机应用。
Take_one_photo_e76e6616,Take one photo.,2,baseline,0,0,0,False,False,no_prompt_hint,,"click@(540,2176)",skipped,parallel_independent_for_next_step,True,True,slot_gate_disabled:MEDIA_CAPTURE:media_capture_no_speculation,0,0,0,0,1917.5572395324707,2.214193344116211,0.0,0.0,0.0,0.0,0.0,,,,False,False,False,False,False,,no_pending_plan,{},{},,False,False,,,False,,10.843576908111572,任务目标是拍一张照片。目前已成功打开相机应用，下一步将点击拍照按钮完成任务。
Take_one_photo_e76e6616,Take one photo.,3,baseline,0,0,0,False,False,no_prompt_hint,,"click@(540,2176)",skipped,parallel_independent_for_next_step,True,True,slot_gate_disabled:MEDIA_CAPTURE:media_capture_no_speculation,0,0,0,0,1979.475498199463,1.5268325805664062,0.0,0.0,0.0,0.0,0.0,,,,False,False,False,False,False,,no_pending_plan,{},{},,False,False,,,False,,7.439237117767334,任务目标是拍一张照片。目前已成功打开相机应用，下一步将点击拍照按钮完成任务。
Take_one_photo_e76e6616,Take one photo.,4,baseline,0,0,0,False,False,no_prompt_hint,,"click@(540,2176)",skipped,parallel_independent_for_next_step,True,True,slot_gate_disabled:MEDIA_CAPTURE:media_capture_no_speculation,0,0,0,0,1940.8085346221924,1.8222332000732422,0.0,0.0,0.0,0.0,0.0,,,,False,False,False,False,False,,no_pending_plan,{},{},,False,False,,,False,,6.592111825942993,任务目标是拍一张照片。目前已成功打开相机应用，下一步将点击拍照按钮完成任务。
Take_one_photo_e76e6616,Take one photo.,5,baseline,0,0,0,False,False,no_prompt_hint,,"click@(540,2176)",skipped,parallel_independent_for_next_step,True,True,slot_gate_disabled:MEDIA_CAPTURE:media_capture_no_speculation,0,0,0,0,2074.946165084839,1.054525375366211,0.0,0.0,0.0,0.0,0.0,,,,False,False,False,False,False,,no_pending_plan,{},{},,False,False,,,False,,6.346741676330566,任务目标是拍一张照片。目前已成功打开相机应用，下一步将点击拍照按钮完成任务。
Take_one_photo_e76e6616,Take one photo.,6,baseline,0,0,0,False,False,no_prompt_hint,,"click@(540,2176)",skipped,parallel_independent_for_next_step,True,True,slot_gate_disabled:MEDIA_CAPTURE:media_capture_no_speculation,0,0,0,0,1976.1781692504883,2.1822452545166016,0.0,0.0,0.0,0.0,0.0,,,,False,False,False,False,False,,no_pending_plan,{},{},,False,False,,,False,,7.171574115753174,任务目标是拍一张照片。目前已成功打开相机应用，但多次尝试点击拍照按钮均未成功。下一步将再次尝试点击拍照按钮。
Take_one_photo_e76e6616,Take one photo.,7,baseline,0,0,0,False,False,no_prompt_hint,,"click@(540,2176)",skipped,parallel_independent_for_next_step,True,True,slot_gate_disabled:MEDIA_CAPTURE:media_capture_no_speculation,0,0,0,0,2187.434673309326,1.0979175567626953,0.0,0.0,0.0,0.0,0.0,,,,False,False,False,False,False,,no_pending_plan,{},{},,False,False,,,False,,6.550254583358765,任务目标是拍一张照片。目前已成功打开相机应用，但多次尝试点击拍照按钮均未成功。下一步将再次尝试点击拍照按钮完成任务。
Take_one_photo_e76e6616,Take one photo.,8,baseline,0,0,0,False,False,no_prompt_hint,,"click@(540,2176)",skipped,parallel_independent_for_next_step,True,True,slot_gate_disabled:MEDIA_CAPTURE:media_capture_no_speculation,0,0,0,0,2173.776865005493,1.008749008178711,0.0,0.0,0.0,0.0,0.0,,,,False,False,False,False,False,,no_pending_plan,{},{},,False,False,,,False,,7.621908664703369,任务目标是拍一张照片。目前已成功打开相机应用，但多次尝试点击拍照按钮均未成功。下一步将再次尝试点击拍照按钮完成任务。
Take_one_photo_e76e6616,Take one photo.,9,baseline,0,0,0,False,False,no_prompt_hint,,"click@(540,2176)",skipped,parallel_independent_for_next_step,True,True,slot_gate_disabled:MEDIA_CAPTURE:media_capture_no_speculation,0,0,0,0,2002.896785736084,2.1643638610839844,0.0,0.0,0.0,0.0,0.0,,,,False,False,False,False,False,,no_pending_plan,{},{},,False,False,,,False,,6.4059157371521,任务目标是拍一张照片。目前已成功打开相机应用，但之前多次尝试点击拍照按钮均未成功。现在将再次尝试点击拍照按钮完成任务。
Take_one_photo_e76e6616,Take one photo.,10,baseline,0,0,0,False,False,no_prompt_hint,,"click@(540,2176)",skipped,parallel_independent_for_next_step,True,True,slot_gate_disabled:MEDIA_CAPTURE:media_capture_no_speculation,0,0,0,0,2213.6361598968506,1.1572837829589844,0.0,0.0,0.0,0.0,0.0,,,,False,False,False,False,False,,no_pending_plan,{},{},,False,False,,,False,,7.41515851020813,任务目标是拍一张照片。目前已成功打开相机应用，但之前多次尝试点击拍照按钮均未成功。现在将再次尝试点击拍照按钮完成任务。
Turn_brightness_to_the_min_value_178fab52,Turn brightness to the min value.,1,baseline,0,0,0,False,False,no_prompt_hint,,swipe,skipped,parallel_independent_for_next_step,True,True,launcher_skipped,0,0,0,0,1115.269660949707,2.2232532501220703,0.0,0.0,0.0,0.0,0.0,,,,False,False,False,False,False,,no_pending_plan,{},{},,False,False,,,False,,8.92366075515747,"{'action': 'swipe', 'direction': 'down', 'start_coordinate': [540, 17], 'end_coordinate': [533, 1068]}"
Turn_brightness_to_the_min_value_178fab52,Turn brightness to the min value.,2,baseline,0,0,0,False,False,no_prompt_hint,,swipe,skipped,parallel_independent_for_next_step,True,True,launcher_skipped,0,0,0,0,2391.3722038269043,1.0166168212890625,0.0,0.0,0.0,0.0,0.0,,,,False,False,False,False,False,,no_pending_plan,{},{},,False,False,,,False,,10.425514698028564,The task is to set the brightness to the minimum value. I have successfully opened the quick settings panel and am now attempting to expand it to find the brightness slider.
Turn_brightness_to_the_min_value_178fab52,Turn brightness to the min value.,3,baseline,0,0,0,False,False,no_prompt_hint,,"click@(856,2260)",skipped,parallel_independent_for_next_step,True,True,launcher_skipped,0,0,0,0,2229.876756668091,2.558469772338867,0.0,0.0,0.0,0.0,0.0,,,,False,False,False,False,False,,no_pending_plan,{},{},,False,False,,,False,,10.492380619049072,"The task is to set the brightness to the minimum value. I have successfully opened the quick settings panel, but the brightness slider is not visible. I am now attempting to open the full settings menu to find the brightness control."
Turn_brightness_to_the_min_value_178fab52,Turn brightness to the min value.,4,baseline,0,0,0,False,False,no_prompt_hint,,swipe,completed,parallel_independent_for_next_step,True,True,slot_gate_enabled:NAVIGATION_SEARCH:navigation_search,9,9,12,3,2328.2392024993896,88141.35026931763,11658.605098724365,11308.940172195435,2.008199691772461,4.588842391967773,85966.62759780884,True,"level2,level1,level1,level1,level2,level1,level1,level2,level1",,False,False,False,False,False,,no_pending_plan,{},{},,False,False,,,False,,96.27095460891724,The task is to set the brightness to the minimum value. I have successfully opened the Settings app and am now scrolling down to find the 'Display' settings option.
Turn_brightness_to_the_min_value_178fab52,Turn brightness to the min value.,5,baseline,1,9,0,False,False,no_prompt_hint,,wait,rollback_failed,parallel_independent_for_next_step,True,True,slot_gate_enabled:NAVIGATION_SEARCH:navigation_search,11,11,12,0,1979.407548904419,69904.50429916382,7437.816143035889,7605.2281856536865,6.781101226806641,1.0683536529541016,68080.35063743591,False,"level2,level1,level1,level1,level1,level2",,False,False,False,False,False,,no_pending_plan,{},{},,False,False,,,False,,77.93185830116272,Internal rollback-gate no-op; not added to prompt history.
Turn_brightness_to_the_min_value_178fab52,Turn brightness to the min value.,6,baseline,0,0,0,False,False,no_prompt_hint,,swipe,skipped,parallel_independent_for_next_step,True,True,launcher_skipped,0,0,0,0,1476.8128395080566,1.2247562408447266,0.0,0.0,0.0,0.0,0.0,,,,False,False,False,False,False,,no_pending_plan,{},{},,False,False,,,False,,9.535500764846802,The task is to set the brightness to the minimum value. Previous attempts to access brightness controls via the quick settings panel and the Settings app have been unsuccessful. The current plan is to return to the home screen to reassess the approach.
Turn_brightness_to_the_min_value_178fab52,Turn brightness to the min value.,7,baseline,0,0,0,False,False,no_prompt_hint,,swipe,skipped,parallel_independent_for_next_step,True,True,launcher_skipped,0,0,0,0,2344.1200256347656,1.0020732879638672,0.0,0.0,0.0,0.0,0.0,,,,False,False,False,False,False,,no_pending_plan,{},{},,False,False,,,False,,9.711257457733154,The task is to set the brightness to the minimum value. I have successfully opened the quick settings panel and am now attempting to expand it to find the brightness slider.
Turn_brightness_to_the_min_value_178fab52,Turn brightness to the min value.,8,baseline,0,0,0,False,False,no_prompt_hint,,"click@(104,410)",skipped,parallel_independent_for_next_step,True,True,launcher_skipped,0,0,0,0,2515.5773162841797,1.001119613647461,0.0,0.0,0.0,0.0,0.0,,,,False,False,False,False,False,,no_pending_plan,{},{},,False,False,,,False,,10.650202751159668,"The task is to set the brightness to the minimum value. I have successfully opened the quick settings panel, but the brightness slider is not visible. I am now attempting to access the full Settings menu to find the brightness control."
Turn_brightness_to_the_min_value_178fab52,Turn brightness to the min value.,9,baseline,0,0,0,False,False,no_prompt_hint,,swipe,skipped,parallel_independent_for_next_step,True,True,launcher_skipped,0,0,0,0,2615.593910217285,0.0,0.0,0.0,0.0,0.0,0.0,,,,False,False,False,False,False,,no_pending_plan,{},{},,False,False,,,False,,10.675921440124512,The task is to set the brightness to the minimum value. I have successfully opened the quick settings panel and am now attempting to expand it to find the brightness slider.
Turn_brightness_to_the_min_value_178fab52,Turn brightness to the min value.,10,baseline,0,0,0,False,False,no_prompt_hint,,swipe,skipped,parallel_independent_for_next_step,True,True,launcher_skipped,0,0,0,0,2244.011878967285,1.4951229095458984,0.0,0.0,0.0,0.0,0.0,,,,False,False,False,False,False,,no_pending_plan,{},{},,False,False,,,False,,10.180489301681519,The task is to set the brightness to the minimum value. I have successfully opened the quick settings panel and am now attempting to expand it to find the brightness slider.
Turn_wifi_off_4f59d716,Turn wifi off.,1,baseline,0,0,0,False,False,no_prompt_hint,,open_app,skipped,parallel_independent_for_next_step,True,True,launcher_skipped,0,0,0,0,1003.5617351531982,0.0,0.0,0.0,0.0,0.0,0.0,,,,False,False,False,False,False,,no_pending_plan,{},{},,False,False,,,False,,11.357470750808716,任务目标是关闭Wi-Fi。当前在手机主屏幕，需要先打开设置应用。
Turn_wifi_off_4f59d716,Turn wifi off.,2,baseline,0,0,0,False,False,no_prompt_hint,,"click@(419,864)",completed,parallel_independent_for_next_step,True,True,slot_gate_enabled:NAVIGATION_SEARCH:navigation_search,9,9,12,3,1901.0684490203857,74525.56872367859,12476.727962493896,12361.952543258667,3.2918453216552734,3.5369396209716797,72733.7532043457,True,"level2,level1,level1,level1,level2,level1,level1,level2,level1",,False,False,False,False,False,,no_pending_plan,{},{},,False,False,,,False,,79.98485255241394,任务目标是关闭Wi-Fi。目前已成功打开设置应用，下一步是进入网络设置页面。
Turn_wifi_off_4f59d716,Turn wifi off.,3,baseline,1,9,7,False,False,no_prompt_hint,,"click@(353,713)",completed,parallel_independent_for_next_step,True,True,slot_gate_enabled:NAVIGATION_SEARCH:navigation_search,10,10,12,3,2050.0478744506836,24015.2804851532,12071.685552597046,11337.878942489624,3.156423568725586,1.617431640625,22065.690279006958,True,"level1,level1,level1,level1,level1,level1,level1,level1,level1,level1",,False,False,False,False,False,,no_pending_plan,{},{},,False,False,,,False,,32.894707679748535,任务目标是关闭Wi-Fi。目前已成功进入“Network & internet”设置页面，下一步需要进入“Internet”子菜单以找到Wi-Fi开关。
Turn_wifi_off_4f59d716,Turn wifi off.,4,baseline,1,10,8,False,False,no_prompt_hint,,"click@(72,199)",completed,parallel_independent_for_next_step,True,True,slot_gate_enabled:NAVIGATION_SEARCH:navigation_search,3,3,12,1,2376.3747215270996,8906.282901763916,3590.809106826782,4105.653524398804,1.5304088592529297,3.215312957763672,6601.644039154053,True,"level1,level1,level1",,False,False,False,False,False,,no_pending_plan,{},{},,False,False,,,False,,15.343808650970459,任务目标是关闭Wi-Fi。在导航过程中误入了“Calls & SMS”页面，现在需要返回到上一级菜单以继续寻找Wi-Fi设置。
Turn_wifi_off_4f59d716,Turn wifi off.,5,baseline,1,3,1,False,False,no_prompt_hint,,"click@(286,677)",completed,parallel_independent_for_next_step,True,True,slot_gate_enabled:NAVIGATION_SEARCH:navigation_search,10,10,12,3,2034.2950820922852,99398.64587783813,44577.595233917236,12327.099561691284,5.405902862548828,4.274606704711914,97473.38795661926,True,"level1,level2,level1,level1,level1,level1,level1,level1,level1,level1",,False,False,False,False,False,,no_pending_plan,{},{},,False,False,,,False,,107.03662729263306,任务目标是关闭Wi-Fi。目前已成功进入“Network & internet”设置页面，下一步需要进入“Internet”子菜单以找到Wi-Fi开关。
Turn_wifi_off_4f59d716,Turn wifi off.,6,baseline,1,10,6,False,False,no_prompt_hint,,"click@(282,674)",no_candidates,parallel_independent_for_next_step,True,True,slot_gate_enabled:NAVIGATION_SEARCH:navigation_search,0,0,0,0,2232.067584991455,130.47242164611816,0.0,0.0,0.0,0.0,0.0,,,,False,False,False,False,False,,no_pending_plan,{},{},,False,False,,,False,,9.490024089813232,任务目标是关闭Wi-Fi。目前已成功进入“Network & internet”设置页面，下一步将点击“Internet”选项以找到Wi-Fi开关。
Turn_wifi_off_4f59d716,Turn wifi off.,7,baseline,0,0,0,False,False,no_prompt_hint,,status,skipped,parallel_independent_for_next_step,True,True,slot_gate_disabled:NAVIGATION_SEARCH:target_visible_low_branching,0,0,0,0,1438.0028247833252,3.1244754791259766,0.0,0.0,0.0,0.0,0.0,,,,False,False,False,False,False,,no_pending_plan,{},{},,False,False,,,False,,5.2359700202941895,我已经确认Wi-Fi开关处于关闭状态，任务目标已达成。
Turn_wifi_on_b3b30423,Turn wifi on.,1,baseline,0,0,0,False,False,no_prompt_hint,,open_app,skipped,parallel_independent_for_next_step,True,True,launcher_skipped,0,0,0,0,1020.3931331634521,1.0950565338134766,0.0,0.0,0.0,0.0,0.0,,,,False,False,False,False,False,,no_pending_plan,{},{},,False,False,,,False,,12.550864934921265,任务目标是打开Wi-Fi。当前在手机主屏幕，需要先打开设置应用。
Turn_wifi_on_b3b30423,Turn wifi on.,2,baseline,0,0,0,False,False,no_prompt_hint,,"click@(419,864)",completed,parallel_independent_for_next_step,True,True,slot_gate_enabled:NAVIGATION_SEARCH:navigation_search,9,9,12,3,1857.4891090393066,111185.07766723633,18016.485452651978,17147.36247062683,5.119562149047852,5.588293075561523,109436.47170066833,True,"level2,level1,level1,level2,level2,level1,level1,level2,level2",,False,False,False,False,False,,no_pending_plan,{},{},,False,False,,,False,,116.95679712295532,任务目标是打开Wi-Fi。目前已成功进入设置应用，下一步将进入网络设置页面。
Turn_wifi_on_b3b30423,Turn wifi on.,3,baseline,1,9,7,False,False,no_prompt_hint,,"click@(353,713)",completed,parallel_independent_for_next_step,True,True,slot_gate_enabled:NAVIGATION_SEARCH:navigation_search,10,10,12,3,2269.6681022644043,24064.516305923462,13565.449714660645,12826.3099193573,5.615472793579102,3.1404495239257812,21900.4967212677,True,"level1,level1,level1,level1,level1,level1,level1,level1,level1,level1",,False,False,False,False,False,,no_pending_plan,{},{},,False,False,,,False,,33.18284296989441,任务目标是打开Wi-Fi。目前已成功进入“Network & internet”设置页面，下一步将进入“Internet”子菜单以找到Wi-Fi开关。
Turn_wifi_on_b3b30423,Turn wifi on.,4,baseline,1,10,8,False,False,no_prompt_hint,,"click@(72,199)",skipped,parallel_independent_for_next_step,True,True,slot_gate_disabled:NAVIGATION_SEARCH:target_visible_low_branching,0,0,0,0,2206.153154373169,2.324342727661133,0.0,0.0,0.0,0.0,0.0,,,,False,False,False,False,False,,no_pending_plan,{},{},,False,False,,,False,,8.531692743301392,任务目标是打开Wi-Fi。目前已进入“Saved networks”页面，但未找到Wi-Fi开关。下一步将返回上一级菜单以寻找Wi-Fi总开关。
Turn_wifi_on_b3b30423,Turn wifi on.,5,baseline,0,0,0,False,False,no_prompt_hint,,"click@(958,856)",skipped,parallel_independent_for_next_step,True,True,slot_gate_disabled:NAVIGATION_SEARCH:target_visible_low_branching,0,0,0,0,1761.028528213501,1.6241073608398438,0.0,0.0,0.0,0.0,0.0,,,,False,False,False,False,False,,no_pending_plan,{},{},,False,False,,,False,,10.818735122680664,任务目标是打开Wi-Fi。目前已成功导航到“Internet”设置页面，下一步将点击Wi-Fi开关以启用它。
Turn_wifi_on_b3b30423,Turn wifi on.,6,baseline,0,0,0,False,False,no_prompt_hint,,status,completed,parallel_independent_for_next_step,True,True,slot_gate_enabled:NAVIGATION_SEARCH:navigation_search,8,8,12,3,1614.6950721740723,29014.32228088379,14853.551626205444,13691.617488861084,4.539966583251953,2.0096302032470703,27488.114595413208,True,"level1,level1,level1,level1,level1,level1,level1,level1",,False,False,False,False,False,,no_pending_plan,{},{},,False,False,,,False,,36.665690183639526,任务目标是打开Wi-Fi，当前界面显示Wi-Fi已成功开启，因此任务已完成。
What_quantity_of_matcha_powder_do_I_need_for_the_recipe_Beef_St_1653e163,What quantity of matcha powder do I need for the recipe 'Beef Stew' in the Joplin app? Express your answer in the format <amount> <unit> where both the amount and unit exactly match the format in the recipe.,1,baseline,0,0,0,False,False,no_prompt_hint,,open_app,skipped,parallel_independent_for_next_step,True,True,launcher_skipped,0,0,0,0,1216.172695159912,1.5926361083984375,0.0,0.0,0.0,0.0,0.0,,,,False,False,False,False,False,,no_pending_plan,{},{},,False,False,,,False,,10.203529119491577,The task is to find the quantity of matcha powder for the 'Beef Stew' recipe in the Joplin app. The first step is to open the Joplin app.
What_quantity_of_matcha_powder_do_I_need_for_the_recipe_Beef_St_1653e163,What quantity of matcha powder do I need for the recipe 'Beef Stew' in the Joplin app? Express your answer in the format <amount> <unit> where both the amount and unit exactly match the format in the recipe.,2,baseline,0,0,0,False,False,no_prompt_hint,,"click@(882,192)",completed,parallel_independent_for_next_step,True,True,slot_gate_enabled:RECIPE_INGREDIENT:passive_or_partial_slots,24,12,12,0,863.4545803070068,26658.54263305664,13303.566217422485,13147.604703903198,10.45846939086914,4.173994064331055,25925.209283828735,True,"level1,level1,level1,level1,level1,level1,level1,level1,level1,level1,level1,level1",,False,False,False,False,False,,no_pending_plan,{},{},,False,False,,,False,,31.8662269115448,Recovered action from tool_call parser.
What_quantity_of_matcha_powder_do_I_need_for_the_recipe_Beef_St_1653e163,What quantity of matcha powder do I need for the recipe 'Beef Stew' in the Joplin app? Express your answer in the format <amount> <unit> where both the amount and unit exactly match the format in the recipe.,3,baseline,0,0,0,False,False,no_prompt_hint,,"click@(475,317)",completed,parallel_independent_for_next_step,True,True,slot_gate_enabled:RECIPE_INGREDIENT:passive_or_partial_slots,23,12,12,0,1293.1480407714844,27123.146533966064,14004.795551300049,13818.714380264282,9.562253952026367,3.0956268310546875,25815.126657485962,True,"level1,level1,level1,level1,level1,level1,level1,level1,level1,level1,level1,level1",,False,False,False,False,False,,no_pending_plan,{},{},,False,False,,,False,,32.22226643562317,"The task is to find the quantity of matcha powder for the 'Beef Stew' recipe. The Joplin app is open, and the search interface is active. The next step is to type the recipe name into the search bar."
What_quantity_of_matcha_powder_do_I_need_for_the_recipe_Beef_St_1653e163,What quantity of matcha powder do I need for the recipe 'Beef Stew' in the Joplin app? Express your answer in the format <amount> <unit> where both the amount and unit exactly match the format in the recipe.,4,baseline,0,0,0,False,False,no_prompt_hint,,input_text,skipped,parallel_independent_for_next_step,True,True,keyboard_visible,0,0,0,0,1231.903076171875,0.0,0.0,0.0,0.0,0.0,0.0,,,,False,False,False,False,False,,no_pending_plan,{},{},,False,False,,,False,,8.6279935836792,"The task is to find the quantity of matcha powder for the 'Beef Stew' recipe. The Joplin app is open, and the search interface is active. The next step is to type the recipe name into the search bar."
What_quantity_of_matcha_powder_do_I_need_for_the_recipe_Beef_St_1653e163,What quantity of matcha powder do I need for the recipe 'Beef Stew' in the Joplin app? Express your answer in the format <amount> <unit> where both the amount and unit exactly match the format in the recipe.,5,baseline,0,0,0,False,False,no_prompt_hint,,"click@(135,427)",completed,parallel_independent_for_next_step,True,True,slot_gate_enabled:RECIPE_INGREDIENT:passive_or_partial_slots,13,12,12,3,2504.702091217041,29822.72505760193,13620.715856552124,13739.128828048706,10.783910751342773,3.796815872192383,27443.615913391113,True,"level1,level1,level1,level1,level1,level1,level1,level1,level1,level1,level1,level1",,False,False,False,False,False,,no_pending_plan,{},{},,False,False,,,False,,35.24201440811157,"The task is to find the quantity of matcha powder for the 'Beef Stew' recipe. The Joplin app is open, and the recipe has been successfully searched. The next step is to open the recipe to view its contents."
What_quantity_of_matcha_powder_do_I_need_for_the_recipe_Beef_St_1653e163,What quantity of matcha powder do I need for the recipe 'Beef Stew' in the Joplin app? Express your answer in the format <amount> <unit> where both the amount and unit exactly match the format in the recipe.,6,baseline_plus_exploration,1,12,3,True,False,evidence_only_hint,joplin,"click@(66,192)",completed,parallel_independent_for_next_step,True,True,slot_gate_enabled:RECIPE_INGREDIENT:passive_or_partial_slots,11,9,12,0,2718.262195587158,22294.10147666931,10153.486251831055,10421.99683189392,6.313085556030273,1.010894775390625,19694.95701789856,True,"level1,level1,level1,level1,level1,level1,level1,level1,level1",,False,False,False,False,False,,no_pending_plan,{},{},,False,False,,,False,,28.667507886886597,"I am trying to find the quantity of matcha powder for the 'Beef Stew' recipe. I have opened the Joplin app and searched for the recipe, but I accidentally opened the wrong note ('Financial Aid Checklist'). I need to go back to the search results to find the correct recipe."
What_quantity_of_matcha_powder_do_I_need_for_the_recipe_Beef_St_1653e163,What quantity of matcha powder do I need for the recipe 'Beef Stew' in the Joplin app? Express your answer in the format <amount> <unit> where both the amount and unit exactly match the format in the recipe.,7,baseline,0,0,0,False,False,no_prompt_hint,,wait,rollback_failed,parallel_independent_for_next_step,True,True,slot_gate_enabled:RECIPE_INGREDIENT:passive_or_partial_slots,18,12,12,0,1129.119634628296,32461.88712120056,1212.815284729004,2142.6684856414795,0.9996891021728516,1.0142326354980469,31432.94382095337,False,level2,,False,False,False,False,False,,no_pending_plan,{},{},,False,False,,,False,,40.00794959068298,Internal rollback-gate no-op; not added to prompt history.
What_quantity_of_matcha_powder_do_I_need_for_the_recipe_Beef_St_1653e163,What quantity of matcha powder do I need for the recipe 'Beef Stew' in the Joplin app? Express your answer in the format <amount> <unit> where both the amount and unit exactly match the format in the recipe.,8,baseline,0,0,0,False,False,no_prompt_hint,,open_app,skipped,parallel_independent_for_next_step,True,True,launcher_skipped,0,0,0,0,920.9065437316895,2.175569534301758,0.0,0.0,0.0,0.0,0.0,,,,False,False,False,False,False,,no_pending_plan,{},{},,False,False,,,False,,9.846438884735107,"{'action': 'open_app', 'text': 'Joplin'}"
What_quantity_of_matcha_powder_do_I_need_for_the_recipe_Beef_St_1653e163,What quantity of matcha powder do I need for the recipe 'Beef Stew' in the Joplin app? Express your answer in the format <amount> <unit> where both the amount and unit exactly match the format in the recipe.,9,baseline,0,0,0,False,False,no_prompt_hint,,"click@(882,192)",completed,parallel_independent_for_next_step,True,True,slot_gate_enabled:RECIPE_INGREDIENT:passive_or_partial_slots,18,12,12,0,1179.241418838501,28158.026695251465,13871.562719345093,13659.124374389648,10.005712509155273,1.9726753234863281,27135.48469543457,True,"level1,level1,level1,level1,level1,level1,level1,level1,level1,level1,level1,level1",,False,False,False,False,False,,no_pending_plan,{},{},,False,False,,,False,,33.283857107162476,I am searching for the 'Beef Stew' recipe in the Joplin app. I have opened the app and am now using the search function to locate the recipe.
What_quantity_of_matcha_powder_do_I_need_for_the_recipe_Beef_St_1653e163,What quantity of matcha powder do I need for the recipe 'Beef Stew' in the Joplin app? Express your answer in the format <amount> <unit> where both the amount and unit exactly match the format in the recipe.,10,baseline,0,0,0,False,False,no_prompt_hint,,"click@(999,317)",completed,parallel_independent_for_next_step,True,True,slot_gate_enabled:RECIPE_INGREDIENT:passive_or_partial_slots,12,11,12,0,1281.6064357757568,25204.525470733643,12473.180770874023,12311.168193817139,8.092164993286133,3.5457611083984375,24122.354745864868,True,"level1,level1,level1,level1,level1,level1,level1,level1,level1,level1,level1",,False,False,False,False,False,,no_pending_plan,{},{},,False,False,,,False,,30.25718379020691,I have successfully searched for the 'Beef Stew' recipe in the Joplin app. The next step is to open the recipe to view its contents and find the quantity of matcha powder.
What_was_the_total_distance_covered_for_snow_boarding_activitie_d227ec5a,What was the total distance covered for snow boarding activities in the OpenTracks app from October 07 2023 to October 10? Express your answer as a single number in meters rounded to the nearest integer.,1,baseline,0,0,0,False,False,no_prompt_hint,,open_app,skipped,parallel_independent_for_next_step,True,True,launcher_skipped,0,0,0,0,1012.096643447876,1.074075698852539,0.0,0.0,0.0,0.0,0.0,,,,False,False,False,False,False,,no_pending_plan,{},{},,False,False,,,False,,10.086271524429321,Recovered action from tool_call parser.
What_was_the_total_distance_covered_for_snow_boarding_activitie_d227ec5a,What was the total distance covered for snow boarding activities in the OpenTracks app from October 07 2023 to October 10? Express your answer as a single number in meters rounded to the nearest integer.,2,baseline,0,0,0,False,False,no_prompt_hint,,swipe,skipped_transaction_unsafe,parallel_independent_for_next_step,True,True,selected_candidate_transaction_unsafe,19,1,0,0,2626.274824142456,33618.85714530945,0.0,0.0,0.0,0.0,31038.256883621216,,"level1,level2,level2",,False,False,False,False,False,,no_pending_plan,{},{},,False,False,,,False,,38.19745111465454,"The task is to find the total snowboarding distance between Oct 7-10, 2023. I am currently viewing the activity list and need to scroll to find the relevant entries."
What_was_the_total_distance_covered_for_snow_boarding_activitie_d227ec5a,What was the total distance covered for snow boarding activities in the OpenTracks app from October 07 2023 to October 10? Express your answer as a single number in meters rounded to the nearest integer.,3,baseline,0,0,0,False,False,no_prompt_hint,,swipe,rollback_failed,parallel_independent_for_next_step,True,True,slot_gate_enabled:ACTIVITY_STATS:passive_or_partial_slots,17,12,10,0,1173.018455505371,27398.349046707153,1442.9147243499756,2194.981098175049,3.0536651611328125,0.6029605865478516,26326.5643119812,False,level2,,False,False,False,False,False,,no_pending_plan,{},{},,False,False,,,False,,33.262044191360474,"{'action': 'swipe', 'direction': 'up', 'start_coordinate': [540, 1912], 'end_coordinate': [540, 720]}"
What_was_the_total_distance_covered_for_snow_boarding_activitie_d227ec5a,What was the total distance covered for snow boarding activities in the OpenTracks app from October 07 2023 to October 10? Express your answer as a single number in meters rounded to the nearest integer.,4,baseline,0,0,0,False,False,no_prompt_hint,,swipe,skipped,parallel_independent_for_next_step,True,True,launcher_skipped,0,0,0,0,1046.8389987945557,1.1208057403564453,0.0,0.0,0.0,0.0,0.0,,,,False,False,False,False,False,,no_pending_plan,{},{},,False,False,,,False,,5.645675420761108,"{'action': 'swipe', 'direction': 'up', 'start_coordinate': [540, 1883], 'end_coordinate': [531, 856]}"
What_was_the_total_distance_covered_for_snow_boarding_activitie_d227ec5a,What was the total distance covered for snow boarding activities in the OpenTracks app from October 07 2023 to October 10? Express your answer as a single number in meters rounded to the nearest integer.,5,baseline,0,0,0,False,False,no_prompt_hint,,"click@(174,1223)",skipped,parallel_independent_for_next_step,True,True,launcher_skipped,0,0,0,0,1112.541913986206,1.5058517456054688,0.0,0.0,0.0,0.0,0.0,,,,False,False,False,False,False,,no_pending_plan,{},{},,False,False,,,False,,6.676350355148315,The task is to find the total snowboarding distance in the OpenTracks app. I have located the app icon in the app drawer and am now opening it.
What_was_the_total_distance_covered_for_snow_boarding_activitie_d227ec5a,What was the total distance covered for snow boarding activities in the OpenTracks app from October 07 2023 to October 10? Express your answer as a single number in meters rounded to the nearest integer.,6,baseline,0,0,0,False,False,no_prompt_hint,,wait,rollback_failed,parallel_independent_for_next_step,True,True,slot_gate_enabled:ACTIVITY_STATS:passive_or_partial_slots,18,12,10,0,1312.100887298584,33566.484689712524,1465.6777381896973,2304.2969703674316,2.0465850830078125,0.0,32354.016065597534,False,level2,,False,False,False,False,False,,no_pending_plan,{},{},,False,False,,,False,,41.16452598571777,Internal rollback-gate no-op; not added to prompt history.
What_was_the_total_distance_covered_for_snow_boarding_activitie_d227ec5a,What was the total distance covered for snow boarding activities in the OpenTracks app from October 07 2023 to October 10? Express your answer as a single number in meters rounded to the nearest integer.,7,baseline,0,0,0,False,False,no_prompt_hint,,open_app,skipped,parallel_independent_for_next_step,True,True,launcher_skipped,0,0,0,0,1177.5498390197754,1.2047290802001953,0.0,0.0,0.0,0.0,0.0,,,,False,False,False,False,False,,no_pending_plan,{},{},,False,False,,,False,,10.031856060028076,The task is to find the total snowboarding distance in the OpenTracks app. I am currently on the home screen and need to open the app to proceed.
What_was_the_total_distance_covered_for_snow_boarding_activitie_d227ec5a,What was the total distance covered for snow boarding activities in the OpenTracks app from October 07 2023 to October 10? Express your answer as a single number in meters rounded to the nearest integer.,8,baseline,0,0,0,False,False,no_prompt_hint,,"click@(777,204)",skipped_transaction_unsafe,parallel_independent_for_next_step,True,True,selected_candidate_transaction_unsafe,18,1,0,0,1328.5455703735352,29515.636205673218,0.0,0.0,0.0,0.0,28232.921838760376,,"level2,level1",,False,False,False,False,False,,no_pending_plan,{},{},,False,False,,,False,,34.439619064331055,"I have successfully opened the OpenTracks app. The current screen shows a list of recent activities. To find the total snowboarding distance for the specified date range, I need to access a summary or statistics view."
What_was_the_total_distance_covered_for_snow_boarding_activitie_d227ec5a,What was the total distance covered for snow boarding activities in the OpenTracks app from October 07 2023 to October 10? Express your answer as a single number in meters rounded to the nearest integer.,9,baseline,0,0,0,False,False,no_prompt_hint,,"click@(104,2231)",skipped_transaction_unsafe,parallel_independent_for_next_step,True,True,selected_candidate_transaction_unsafe,18,1,0,0,1334.7373008728027,27777.793169021606,0.0,0.0,0.0,0.0,26475.73709487915,,"level2,level1",,False,False,False,False,False,,no_pending_plan,{},{},,False,False,,,False,,33.45958876609802,"I have successfully opened the OpenTracks app. The current screen shows a list of recent activities. To find the total snowboarding distance for the specified date range, I need to access a summary or statistics view."
What_was_the_total_distance_covered_for_snow_boarding_activitie_d227ec5a,What was the total distance covered for snow boarding activities in the OpenTracks app from October 07 2023 to October 10? Express your answer as a single number in meters rounded to the nearest integer.,10,baseline,0,0,0,False,False,no_prompt_hint,,"click@(216,2221)",completed,parallel_independent_for_next_step,True,True,slot_gate_enabled:ACTIVITY_STATS:passive_or_partial_slots,2,2,12,0,2465.7912254333496,8683.89892578125,2488.0716800689697,3252.4380683898926,4.400968551635742,1.0056495666503906,6300.551891326904,True,"level1,level1",,False,False,False,False,False,,no_pending_plan,{},{},,False,False,,,False,,15.038290023803711,"I have successfully opened the OpenTracks app and navigated to the 'Aggregated stats' page. To find the total snowboarding distance for the specified date range, I need to apply filters."
What_was_the_total_distance_covered_for_snow_boarding_activitie_d227ec5a,What was the total distance covered for snow boarding activities in the OpenTracks app from October 07 2023 to October 10? Express your answer as a single number in meters rounded to the nearest integer.,11,baseline,0,0,0,False,False,no_prompt_hint,,wait,rollback_failed,parallel_independent_for_next_step,True,True,slot_gate_enabled:ACTIVITY_STATS:passive_or_partial_slots,16,12,11,0,1186.849594116211,33556.38360977173,2408.7517261505127,3191.976547241211,1.0111331939697266,3.185749053955078,32475.082397460938,False,"level1,level2",,False,False,False,False,False,,no_pending_plan,{},{},,False,False,,,False,,40.021443128585815,Internal rollback-gate no-op; not added to prompt history.
What_was_the_total_distance_covered_for_snow_boarding_activitie_d227ec5a,What was the total distance covered for snow boarding activities in the OpenTracks app from October 07 2023 to October 10? Express your answer as a single number in meters rounded to the nearest integer.,12,baseline,0,0,0,False,False,no_prompt_hint,,input_text,skipped,parallel_independent_for_next_step,True,True,keyboard_visible,0,0,0,0,1115.8201694488525,0.0,0.0,0.0,0.0,0.0,0.0,,,,False,False,False,False,False,,no_pending_plan,{},{},,False,False,,,False,,7.449754476547241,"I have successfully opened the OpenTracks app and am now on the main activity list screen. To find the total snowboarding distance for the specified date range, I need to use the search functionality."
What_was_the_total_distance_covered_for_snow_boarding_activitie_d227ec5a,What was the total distance covered for snow boarding activities in the OpenTracks app from October 07 2023 to October 10? Express your answer as a single number in meters rounded to the nearest integer.,13,baseline,0,0,0,False,False,no_prompt_hint,,"click@(104,2231)",skipped_transaction_unsafe,parallel_independent_for_next_step,True,True,selected_candidate_transaction_unsafe,9,1,0,0,1258.77046585083,28394.96159553528,0.0,0.0,0.0,0.0,27160.548448562622,,"level2,level1,level1",,False,False,False,False,False,,no_pending_plan,{},{},,False,False,,,False,,33.36835861206055,I have successfully opened the OpenTracks app and filtered the activities to show only 'snow boarding'. The current screen displays the relevant activities. I need to find the total distance for the specified date range.
What_was_the_total_distance_covered_for_snow_boarding_activitie_d227ec5a,What was the total distance covered for snow boarding activities in the OpenTracks app from October 07 2023 to October 10? Express your answer as a single number in meters rounded to the nearest integer.,14,baseline,0,0,0,False,False,no_prompt_hint,,input_text,skipped,parallel_independent_for_next_step,True,True,keyboard_visible,0,0,0,0,1141.6988372802734,0.8590221405029297,0.0,0.0,0.0,0.0,0.0,,,,False,False,False,False,False,,no_pending_plan,{},{},,False,False,,,False,,7.3116841316223145,I have successfully opened the OpenTracks app and am now filtering the activities to find snowboarding sessions. I am about to type 'snow boarding' into the search bar to narrow down the list.
What_was_the_total_distance_covered_for_snow_boarding_activitie_d227ec5a,What was the total distance covered for snow boarding activities in the OpenTracks app from October 07 2023 to October 10? Express your answer as a single number in meters rounded to the nearest integer.,15,baseline,0,0,0,False,False,no_prompt_hint,,wait,rollback_failed,parallel_independent_for_next_step,True,True,slot_gate_enabled:ACTIVITY_STATS:passive_or_partial_slots,9,9,10,0,1148.010492324829,28201.905012130737,1418.1296825408936,2281.611442565918,2.1049976348876953,1.0895729064941406,27128.242015838623,False,level2,,False,False,False,False,False,,no_pending_plan,{},{},,False,False,,,False,,34.13955211639404,Internal rollback-gate no-op; not added to prompt history.
What_was_the_total_distance_covered_for_snow_boarding_activitie_d227ec5a,What was the total distance covered for snow boarding activities in the OpenTracks app from October 07 2023 to October 10? Express your answer as a single number in meters rounded to the nearest integer.,16,baseline,0,0,0,False,False,no_prompt_hint,,open_app,rollback_failed,parallel_independent_for_next_step,True,True,slot_gate_enabled:ACTIVITY_STATS:passive_or_partial_slots,12,12,11,0,1019.5765495300293,38990.81993103027,6280.376195907593,6657.717227935791,3.8242340087890625,4.598379135131836,38068.54057312012,False,"level1,level1,level1,level1,level2",,False,False,False,False,False,,no_pending_plan,{},{},,False,False,,,False,,46.16886925697327,"{'action': 'open_app', 'text': 'OpenTracks'}"
What_was_the_total_distance_covered_for_snow_boarding_activitie_d227ec5a,What was the total distance covered for snow boarding activities in the OpenTracks app from October 07 2023 to October 10? Express your answer as a single number in meters rounded to the nearest integer.,17,baseline,0,0,0,False,False,no_prompt_hint,,"click@(777,199)",skipped_transaction_unsafe,parallel_independent_for_next_step,True,True,selected_candidate_transaction_unsafe,18,1,0,0,1437.932014465332,28014.74618911743,0.0,0.0,0.0,0.0,26567.004680633545,,"level2,level1",,False,False,False,False,False,,no_pending_plan,{},{},,False,False,,,False,,34.265547037124634,"I have successfully opened the OpenTracks app and am viewing the list of recent activities. To find the total snowboarding distance for the specified date range, I need to filter the activities. I will now use the search functionality to narrow down the list."
What_was_the_total_distance_covered_for_snow_boarding_activitie_d227ec5a,What was the total distance covered for snow boarding activities in the OpenTracks app from October 07 2023 to October 10? Express your answer as a single number in meters rounded to the nearest integer.,18,baseline,0,0,0,False,False,no_prompt_hint,,"click@(782,209)",skipped_transaction_unsafe,parallel_independent_for_next_step,True,True,selected_candidate_transaction_unsafe,18,1,0,0,1364.4907474517822,26850.68678855896,0.0,0.0,0.0,0.0,25523.789167404175,,"level2,level1",,False,False,False,False,False,,no_pending_plan,{},{},,False,False,,,False,,32.66311597824097,"I have successfully opened the OpenTracks app and am viewing the list of recent activities. To find the total snowboarding distance for the specified date range, I need to filter the activities. I will now use the search functionality to narrow down the list."
What_was_the_total_distance_covered_for_snow_boarding_activitie_d227ec5a,What was the total distance covered for snow boarding activities in the OpenTracks app from October 07 2023 to October 10? Express your answer as a single number in meters rounded to the nearest integer.,19,baseline,0,0,0,False,False,no_prompt_hint,,input_text,skipped,parallel_independent_for_next_step,True,True,keyboard_visible,0,0,0,0,1108.5619926452637,0.0,0.0,0.0,0.0,0.0,0.0,,,,False,False,False,False,False,,no_pending_plan,{},{},,False,False,,,False,,8.384917736053467,I have successfully opened the OpenTracks app and am now filtering the activities to find snowboarding sessions. I will type 'snow boarding' into the search bar to narrow down the list.
What_was_the_total_distance_covered_for_snow_boarding_activitie_d227ec5a,What was the total distance covered for snow boarding activities in the OpenTracks app from October 07 2023 to October 10? Express your answer as a single number in meters rounded to the nearest integer.,20,baseline,0,0,0,False,False,no_prompt_hint,,wait,rollback_failed,parallel_independent_for_next_step,True,True,slot_gate_enabled:ACTIVITY_STATS:passive_or_partial_slots,9,9,10,0,1157.1063995361328,37211.32802963257,1368.3717250823975,2225.1641750335693,1.0373592376708984,1.0104179382324219,36115.64111709595,False,level2,,False,False,False,False,False,,no_pending_plan,{},{},,False,False,,,False,,44.29765725135803,Internal rollback-gate no-op; not added to prompt history.
When_is_my_next_meeting_with_Emily_in_Simple_Calendar_Pro_Expre_86d4b8cd,When is my next meeting with Emily in Simple Calendar Pro? Express your answer in the format <month name> <day> <year> <hour in 24-hour format>:<minutes>.,1,baseline,0,0,0,False,False,no_prompt_hint,,open_app,skipped,parallel_independent_for_next_step,True,True,launcher_skipped,0,0,0,0,897.5949287414551,1.107931137084961,0.0,0.0,0.0,0.0,0.0,,,,False,False,False,False,False,,no_pending_plan,{},{},,False,False,,,False,,10.149766445159912,Open the Simple Calendar Pro app to view the schedule.
When_is_my_next_meeting_with_Emily_in_Simple_Calendar_Pro_Expre_86d4b8cd,When is my next meeting with Emily in Simple Calendar Pro? Express your answer in the format <month name> <day> <year> <hour in 24-hour format>:<minutes>.,2,baseline,0,0,0,False,False,no_prompt_hint,,"click@(355,206)",completed,parallel_independent_for_next_step,True,True,slot_gate_enabled:EVENT_QUERY:passive_or_partial_slots,12,12,13,3,2178.2426834106445,76044.76165771484,14173.670291900635,13994.388818740845,27.40311622619629,4.309415817260742,73939.65744972229,True,"level1,level1,level1,level1,level1,level1,level2,level2,level1,level1,level1,level1",,False,False,False,False,False,,no_pending_plan,{},{},,False,False,,,False,,81.39276480674744,I have opened the Simple Calendar Pro app. Now I need to find the next meeting with Emily.
When_is_my_next_meeting_with_Emily_in_Simple_Calendar_Pro_Expre_86d4b8cd,When is my next meeting with Emily in Simple Calendar Pro? Express your answer in the format <month name> <day> <year> <hour in 24-hour format>:<minutes>.,3,baseline_plus_exploration,1,13,8,True,False,evidence_only_hint,simple; simple; simple,"click@(346,209)",skipped,parallel_independent_for_next_step,True,True,keyboard_visible,0,0,0,0,2192.310333251953,0.0,0.0,0.0,0.0,0.0,0.0,,,,False,False,False,False,False,,no_pending_plan,{},{},,False,False,,,False,,10.155287981033325,"I have opened the Simple Calendar Pro app. To find the next meeting with Emily, I will now use the search function."
When_is_my_next_meeting_with_Emily_in_Simple_Calendar_Pro_Expre_86d4b8cd,When is my next meeting with Emily in Simple Calendar Pro? Express your answer in the format <month name> <day> <year> <hour in 24-hour format>:<minutes>.,4,baseline,0,0,0,False,False,no_prompt_hint,,"click@(346,209)",skipped,parallel_independent_for_next_step,True,True,keyboard_visible,0,0,0,0,1593.2905673980713,0.0,0.0,0.0,0.0,0.0,0.0,,,,False,False,False,False,False,,no_pending_plan,{},{},,False,False,,,False,,5.416361570358276,I have opened the Simple Calendar Pro app. I will now use the search function to find the next meeting with Emily.
When_is_my_next_meeting_with_Emily_in_Simple_Calendar_Pro_Expre_86d4b8cd,When is my next meeting with Emily in Simple Calendar Pro? Express your answer in the format <month name> <day> <year> <hour in 24-hour format>:<minutes>.,5,baseline,0,0,0,False,False,no_prompt_hint,,input_text,skipped,parallel_independent_for_next_step,True,True,keyboard_visible,0,0,0,0,1975.0702381134033,0.0,0.0,0.0,0.0,0.0,0.0,,,,False,False,False,False,False,,no_pending_plan,{},{},,False,False,,,False,,6.276676893234253,I have opened the Simple Calendar Pro app and activated the search bar. I will now search for 'Emily' to find the next meeting.
When_is_my_next_meeting_with_Emily_in_Simple_Calendar_Pro_Expre_86d4b8cd,When is my next meeting with Emily in Simple Calendar Pro? Express your answer in the format <month name> <day> <year> <hour in 24-hour format>:<minutes>.,6,baseline,0,0,0,False,False,no_prompt_hint,,status,skipped,parallel_independent_for_next_step,True,True,keyboard_visible,0,0,0,0,850.6309986114502,1.1103153228759766,0.0,0.0,0.0,0.0,0.0,,,,False,False,False,False,False,,no_pending_plan,{},{},,False,False,,,False,,6.761844635009766,"{'action': 'terminate', 'status': 'success', 'return_text': 'October 20 2023 11:00'}"
